Date Receipt,Order Number,Item,Receipt Number,PR/ Stock#,Short Description,Qty,UOI,Vendor,Vendor Name,Receipt_Reference,Order Number,Or Ty,Item,Receipt Number,2nd Item Number,Original Number,Original Type,Line Description,Quantity To Receive,UM,Actual Ship Date,Unit Cost,Foreign Unit Cost,Account Number,Supplier,Supplier Name,Transaction Originator
2/4/2009,1896/O2,1,2800/OV,8070511009,ROCK.RIVER RUN ROCK.(BATU PASIR KALI BERSIH TANPA TANAH).,12.74,CUM,207276,"Jasa Teknik, UD",SJ-2/04/2009,9000280,OP,1,,8070511009,9000203,OQ,ROCK,12.74,M3,,5.44,69.31,,207276,"JASA TEKNIK, UD",131870
2/4/2009,1896/O2,2,2799/OV,8070511109,"ROCK, MEDIUM, M-10",19,CUM,207276,"Jasa Teknik, UD",SJ-2/04/2009,9000280,OP,2,,8070511109,9000203,OQ,ROCK,19.49,M3,,5.5189,107.56,,207276,"JASA TEKNIK, UD",131870
4/4/2009,1896/O2,1,2800/OV,8070511009,ROCK.RIVER RUN ROCK.(BATU PASIR KALI BERSIH TANPA TANAH).,,CUM,207276,"Jasa Teknik, UD",SJ-3/04/2009,9000280,OP,1,,8070511009,9000203,OQ,ROCK, -   ,M3,,5.44,0,,207276,"JASA TEKNIK, UD",131870
4/4/2009,1896/O2,2,2799/OV,8070511109,"ROCK, MEDIUM, M-10",20,CUM,207276,"Jasa Teknik, UD",SJ-3/04/2009,9000280,OP,2,,8070511109,9000203,OQ,ROCK,19.78,M3,,5.5189,109.16,,207276,"JASA TEKNIK, UD",131870
5/4/2009,1896/O2,1,2800/OV,8070511009,ROCK.RIVER RUN ROCK.(BATU PASIR KALI BERSIH TANPA TANAH).,19,CUM,207276,"Jasa Teknik, UD",SJ-5/04/2009,9000280,OP,1,,8070511009,9000203,OQ,ROCK,19.46,M3,,5.44,105.86,,207276,"JASA TEKNIK, UD",131870
5/4/2009,1896/O2,2,2799/OV,8070511109,"ROCK, MEDIUM, M-10",10,CUM,207276,"Jasa Teknik, UD",SJ-5/04/2009,9000280,OP,2,,8070511109,9000203,OQ,ROCK,9.83,M3,,5.5189,54.25,,207276,"JASA TEKNIK, UD",131870
6/4/2009,1896/O2,1,2800/OV,8070511009,ROCK.RIVER RUN ROCK.(BATU PASIR KALI BERSIH TANPA TANAH).,6.46,CUM,207276,"Jasa Teknik, UD",SJ-6/04/2009,9000280,OP,1,,8070511009,9000203,OQ,ROCK,6.46,M3,,5.44,35.14,,207276,"JASA TEKNIK, UD",131870
6/4/2009,1896/O2,2,2799/OV,8070511109,"ROCK, MEDIUM, M-10",19.88,CUM,207276,"Jasa Teknik, UD",SJ-6/04/2009,9000280,OP,2,,8070511109,9000203,OQ,ROCK,19.88,M3,,5.5189,109.72,,207276,"JASA TEKNIK, UD",131870
7/4/2009,1896/O2,1,2800/OV,8070511009,ROCK.RIVER RUN ROCK.(BATU PASIR KALI BERSIH TANPA TANAH).,17.38,CUM,207276,"Jasa Teknik, UD",SJ-7/04/2009,9000280,OP,1,,8070511009,9000203,OQ,ROCK,17.38,M3,,5.44,94.55,,207276,"JASA TEKNIK, UD",131870
7/4/2009,1896/O2,2,2799/OV,8070511109,"ROCK, MEDIUM, M-10",22.26,CUM,207276,"Jasa Teknik, UD",SJ-7/04/2009,9000280,OP,2,,8070511109,9000203,OQ,ROCK,22.26,M3,,5.5189,122.85,,207276,"JASA TEKNIK, UD",131870
8/4/2009,1896/O2,1,2800/OV,8070511009,ROCK.RIVER RUN ROCK.(BATU PASIR KALI BERSIH TANPA TANAH).,28.4,CUM,207276,"Jasa Teknik, UD",SJ-8/04/2009,9000280,OP,1,,8070511009,9000203,OQ,ROCK,28.4,M3,,5.44,154.5,,207276,"JASA TEKNIK, UD",131870
8/4/2009,1896/O2,2,2799/OV,8070511109,"ROCK, MEDIUM, M-10",13.35,CUM,207276,"Jasa Teknik, UD",SJ-8/04/2009,9000280,OP,2,,8070511109,9000203,OQ,ROCK,13.35,M3,,5.5189,73.68,,207276,"JASA TEKNIK, UD",131870
10/4/2009,1896/O2,1,2800/OV,8070511009,ROCK.RIVER RUN ROCK.(BATU PASIR KALI BERSIH TANPA TANAH).,"29,12",CUM,207276,"Jasa Teknik, UD",SJ-10/04/2009,9000280,OP,1,,8070511009,9000203,OQ,ROCK," 29,12 ",M3,,5.44,,,207276,"JASA TEKNIK, UD",131870
10/4/2009,1896/O2,2,2799/OV,8070511109,"ROCK, MEDIUM, M-10","8,86",CUM,207276,"Jasa Teknik, UD",SJ-10/04/2009,9000280,OP,2,,8070511109,9000203,OQ,ROCK," 8,86 ",M3,,5.5189,,,207276,"JASA TEKNIK, UD",131870
11/4/2009,1896/O2,1,2800/OV,8070511009,ROCK.RIVER RUN ROCK.(BATU PASIR KALI BERSIH TANPA TANAH).,16.6,CUM,207276,"Jasa Teknik, UD",SJ-11/04/2009,9000280,OP,1,,8070511009,9000203,OQ,ROCK,16.6,M3,,5.44,90.3,,207276,"JASA TEKNIK, UD",131870
11/4/2009,1896/O2,2,2799/OV,8070511109,"ROCK, MEDIUM, M-10",12.69,CUM,207276,"Jasa Teknik, UD",SJ-11/04/2009,9000280,OP,2,,8070511109,9000203,OQ,ROCK,12.69,M3,,5.5189,70.03,,207276,"JASA TEKNIK, UD",131870
12/4/2009,1896/O2,1,2800/OV,8070511009,ROCK.RIVER RUN ROCK.(BATU PASIR KALI BERSIH TANPA TANAH).,48.53,CUM,207276,"Jasa Teknik, UD",SJ-12/04/2009,9000280,OP,1,,8070511009,9000203,OQ,ROCK,48.53,M3,,5.44,264,,207276,"JASA TEKNIK, UD",131870
12/4/2009,1896/O2,2,2799/OV,8070511109,"ROCK, MEDIUM, M-10",8.25,CUM,207276,"Jasa Teknik, UD",SJ-12/04/2009,9000280,OP,2,,8070511109,9000203,OQ,ROCK,8.25,M3,,5.5189,45.53,,207276,"JASA TEKNIK, UD",131870
14/04/2009,1896/O2,1,2800/OV,8070511009,ROCK.RIVER RUN ROCK.(BATU PASIR KALI BERSIH TANPA TANAH).,19,CUM,207276,"Jasa Teknik, UD",SJ-14/04/2009,9000280,OP,1,,8070511009,9000203,OQ,ROCK,19.22,M3,,5.44,104.56,,207276,"JASA TEKNIK, UD",131870
16/04/2009,1896/O2,1,2800/OV,8070511009,ROCK.RIVER RUN ROCK.(BATU PASIR KALI BERSIH TANPA TANAH).,47.29,CUM,207276,"Jasa Teknik, UD",SJ-16/04/2009,9000280,OP,1,,8070511009,9000203,OQ,ROCK,47.29,M3,,5.44,257.26,,207276,"JASA TEKNIK, UD",131870
16/04/2009,1971/O2,1,2731/OV,8895172909,"COMPOUND,ANTI-SEIZE.DRATHON NO. 290.400 ML/CAN",36,EA,208224,Cemako Lestari Indonesia,4/16/2009,9000288,OP,1,,8895172909,9000211,OQ,"COMPOUND,ANTI-SEIZE",36,CN,,6.2415,224.69,,208224,"CEMAKO LESTARI INDONESIA, PT",131870
16/04/2009,1971/O2,2,2731/OV,8740902209,"CLEANER, SPRAY, DRATHON NO. 220, HIGH GRADE PENETRATING OIL",50,EA,208224,Cemako Lestari Indonesia,4/16/2009,9000288,OP,2,,8740902209,9000211,OQ,"CLEANER, SPRAY",50,CN,,5.6085,280.43,,208224,"CEMAKO LESTARI INDONESIA, PT",131870
17/04/2009,1896/O2,1,2800/OV,8070511009,ROCK.RIVER RUN ROCK.(BATU PASIR KALI BERSIH TANPA TANAH).,35.85,CUM,207276,"Jasa Teknik, UD",SJ-17/04/2009,9000280,OP,1,,8070511009,9000203,OQ,ROCK,35.85,M3,,5.44,195.02,,207276,"JASA TEKNIK, UD",131870
17/04/2009,1920/O2,1,2734/OV,8714958059,LUBRICANTS NG LUBE 40 LONG LIFE @ 200 LTR,6,DRUM,210280,LaksaKurnia Indonesia,SJ-2001225, 9000283, OP,1,, 8714958059, 09000206, OQ," OIL,LUBRICATING",6, DR,, 419.3327,,  , 210280, LAKSAKURNIA INDONESIA,131870
18/04/2009,1991/O2,1,2783/OV,8608083319,"PAINTS, JOTUN FUTURA AS, POLYURETHANE COAT, COOLR : GREY NO : 403",5,LTR,206231,"Jotun Indonesia, PT",D/T-609085,9000292,OP,1,,8608083319,9000215,OQ,"PAINTS, JOTUN",5,PL,,157.1737,785.87,,206231,JOTUN INDONESIA PAINT CHEMICAL,131870
18/04/2009,1991/O2,2,2783/OV,8608083226,"PAINTS, JOTUN DURATHANE SIGNAL RED BS381C-537",5,LTR,206231,"Jotun Indonesia, PT",D/T-609085,9000292,OP,2,,8608083226,9000215,OQ,"PAINTS, JOTUN",5,PL,,221.5113,"1,107.56",,206231,JOTUN INDONESIA PAINT CHEMICAL,131870
18/04/2009,1991/O2,3,2784/OV,8608083106,"THINNER.'JOTUN' THINNER NO. 17, 20 LTR/PAIL",10,LTR,206231,"Jotun Indonesia, PT",D/T-608659,9000292,OP,3,,8608083106,9000215,OQ,THINNER,10,PL,,57.4289,574.29,,206231,JOTUN INDONESIA PAINT CHEMICAL,131870
20/04/2009,1967/O2,2,2785/OV,8075121209,"WOOD, CAMPER SIZE : 5 X CM X 10 CM X 4 M . ROUGHT MATERIAL",74,PC,209766,"Adil, CV",SJ-20/04/2009,9000286,OP,2,,8075121209,9000209,OQ,"WOOD, CAMPER",74,PC,,11.2856,835.13,,209766,"ADIL, CV",131870
23/04/2009,1972/O2,1,2816/OV,8713920529,"LUBRICANTS, MEDITRAN SC 15W-40 @209 LTR/DRUM",5,DRM,207276,"Jasa Teknik, UD",SJ-018,9000289,OP,1,,8713920529,9000212,OQ,"OIL, MEDITRAN",5,DR,,322.5712,"1,612.86",,207276,"JASA TEKNIK, UD",131870
25/04/2009,1955/O2,1,2795/OV,7486052869,"PIPE PVC SIZE 6"" CLASS AW STANDARD BRAND MASPION",30,JTS,207276,"Jasa Teknik, UD",SJ-02,9000284,OP,1,,7486052869,9000207,OQ,PIPE PVC 6 6.4MM THK CLASS AW,30,JT,,35.6036,"1,068.11",,211094,"HARAPAN BOJONEGORO, CV",131870
25/04/2009,1967/O2,1,2794/OV,7839453039,"BAR SIZE 3/8"" DIA X 40 LG ( 10 MM X 12 MM ) CS GRADE 40",20,LG,209766,"Adil, CV",SJ-25/04/2009,9000286,OP,1,,7839453039,9000209,OQ,BAR,20,LH,,4.8087,96.17,,209766,"ADIL, CV",131870
25/04/2009,1967/O2,2,2794/OV,8075121209,"WOOD, CAMPER, 5 CM X 10 CM X 4 M, ROUGHT MATERIAL",46,PC,209766,"Adil, CV",SJ-25/04/2009,9000286,OP,2,,8075121209,9000209,OQ,"WOOD, CAMPER",46,PC,,11.2856,519.14,,209766,"ADIL, CV",131870
25/04/2009,1967/O2,3,2794/OV,8067261509,"ROOFING ZINC, SIZE 0.30 MM X 6"" X 3""",150,SHT,209766,"Adil, CV",SJ-25/04/2009,9000286,OP,3,,8067261509,9000209,OQ,"ROOFING,ZINC",150,ST,,6.477,971.55,,209766,"ADIL, CV",131870
25/04/2009,1967/O2,4,2794/OV,8172463291,"NAIL, COMMON BRIGHT STEEL, LENGTH 4""",30,KG,209766,"Adil, CV",SJ-25/04/2009,9000286,OP,4,,8172463291,9000209,OQ,"NAIL, COMMON",30,KG,,1.2267,36.8,,209766,"ADIL, CV",131870
25/04/2009,1967/O2,5,2794/OV,8014092439,"HINGES, DOOR, SIZE : 3"" BUTT, HINGES STEEL",10,EA,209766,"Adil, CV",SJ-25/04/2009,9000286,OP,5,,8014092439,9000209,OQ,"HINGES, DOOR",10,EA,,1.7174,17.17,,209766,"ADIL, CV",131870
25/04/2009,1967/O2,6,2794/OV,8043450169,"FORMICA SHEET, SIZE:1/16"" X 4' X 8' CREAM/WHITE COLOR",10,JTS,209766,"Adil, CV",SJ-25/04/2009,9000286,OP,6,,8043450169,9000209,OQ,FORMICA SHEET,10,ST,,13.2483,132.48,,209766,"ADIL, CV",131870
25/04/2009,1967/O2,7,2794/OV,8618261101,"PAINT, MARINE ENAMEL, NIPPON, ""GREY"", PLATONE-8000, 3.785 LT/CAN",2,CAN,209766,"Adil, CV",SJ-25/04/2009,9000286,OP,7,,8618261101,9000209,OQ,"PAINT, MARINE ENAMEL",2,CN,,24.5339,49.07,,209766,"ADIL, CV",131870
25/04/2009,1967/O2,8,2794/OV,8618751101,"PAINT MARINE ENAMEL NIPPON RED PLATONE - 8000, SYTHRTIC HIGH GLOSS PAINT",2,CAN,209766,"Adil, CV",SJ-25/04/2009,9000286,OP,8,,8618751101,9000209,OQ,"PAINT, MARINE ENAMEL",2,CN,,24.5339,49.07,,209766,"ADIL, CV",131870
25/04/2009,1967/O2,9,2794/OV,8182250129,"BRUSH PAINT WIDTH 3"" STYLE SQUARE NYLON BRAND ETERNA",10,EA,209766,"Adil, CV",SJ-25/04/2009,9000286,OP,9,,8182250129,9000209,OQ,"BRUSH, PAINT",10,EA,,0.687,6.87,,209766,"ADIL, CV",131870
25/04/2009,1967/O2,10,2794/OV,8880106609,"ABRASIVE, PAPER, GRIT-80",100,SHT,209766,"Adil, CV",SJ-25/04/2009,9000286,OP,10,,8880106609,9000209,OQ,ABRASIVE PAPER,100,ST,,0.2945,29.45,,209766,"ADIL, CV",131870
28/04/2009,9000014/OP,1,9000294/OV,8040710109,"CONCRETE, READY MIX CEMENT TYPE PPC OR TYPE 2 K-225",5,CUM,206881,"Varia Usaha Beton, PT",SJ-0074505,9000014,OP,1,9000294/OV,8040710109,9000018,OQ,"CONCRETE, READY MIX",5,M3,7/21/2009,73.4043,367.02,,206881,"VARIA USAHA BETON, PT",131870
28/04/2009,9000014/OP,1,9000295/OV,8040710109,"CONCRETE, READY MIX CEMENT TYPE PPC OR TYPE 2 K-225",5,CUM,206881,"Varia Usaha Beton, PT",SJ-0074506,9000014,OP,1,9000295/OV,8040710109,9000018,OQ,"CONCRETE, READY MIX",5,M3,7/21/2009,73.4043,367.02,,206881,"VARIA USAHA BETON, PT",131870
28/04/2009,9000014/OP,1,9000296/OV,8040710109,"CONCRETE, READY MIX CEMENT TYPE PPC OR TYPE 2 K-225",5,CUM,206881,"Varia Usaha Beton, PT",SJ-0074507,9000014,OP,1,9000296/OV,8040710109,9000018,OQ,"CONCRETE, READY MIX",5,M3,7/21/2009,73.4043,367.02,,206881,"VARIA USAHA BETON, PT",131870
28/04/2009,9000014/OP,1,9000299/OV,8040710109,"CONCRETE, READY MIX CEMENT TYPE PPC OR TYPE 2 K-225",5,CUM,206881,"Varia Usaha Beton, PT",SJ-0074508,9000014,OP,1,9000299/OV,8040710109,9000018,OQ,"CONCRETE, READY MIX",5,M3,7/21/2009,73.4043,367.02,,206881,"VARIA USAHA BETON, PT",131870
28/04/2009,1958/O2,1,2809/OV,8093240149,"LAVATORY, REPLACEMENT SPRAY HOSE, 1/2"" CONNECTION",10,EA,211094,"Harapan Bojonegoro, CV",SJ-03,9000285,OP,1,,8093240149,9000208,OQ,LAVATORY / FAUCET ACCESSORIES,10,EA,,9.7645,97.65,,211094,"HARAPAN BOJONEGORO, CV",131870
28/04/2009,1958/O2,2,2809/OV,8093243139,"FAUCET, SINGLE STOP MODEL T 23 B13 V7(N)",6,EA,211094,"Harapan Bojonegoro, CV",SJ-03,9000285,OP,2,,8093243139,9000208,OQ,LAVATORY / FAUCET ACCESSORIES,6,EA,,15.6134,93.68,,211094,"HARAPAN BOJONEGORO, CV",131870
28/04/2009,1958/O2,3,2809/OV,8093290189,"FAUCET, WALL FAUCET, ""DU-PON"", CAT. NO. 613-NC1/2""",6,EA,211094,"Harapan Bojonegoro, CV",SJ-03,9000285,OP,3,,8093290189,9000208,OQ,LAVATORY / FAUCET,6,EA,,12.11,72.66,,211094,"HARAPAN BOJONEGORO, CV",131870
28/04/2009,1958/O2,4,2809/OV,8093293099,LAVATORY/FAUCET ACCESSORIES HOT & COLD WATER BRAND TOTO,6,SET,211094,"Harapan Bojonegoro, CV",SJ-03,9000285,OP,4,,8093293099,9000208,OQ,LAVATORY / FAUCET ACCESSORIES,6,SE,,74.0432,444.26,,211094,"HARAPAN BOJONEGORO, CV",131870
28/04/2009,1958/O2,5,2809/OV,8019540379,"LOCK, DOOR, SHOWA OR ALPHA MODEL 930 FOR DOOR 1-3/8""-2""",6,EA,211094,"Harapan Bojonegoro, CV",SJ-03,9000285,OP,5,,8019540379,9000208,OQ,"LOCKS, DOOR",6,EA,,3.2385,19.43,,211094,"HARAPAN BOJONEGORO, CV",131870
28/04/2009,1958/O2,6,2809/OV,8896228359,"GLUE, PVC, 0.5 KGS / CAN",6,CAN,211094,"Harapan Bojonegoro, CV",SJ-03,9000285,OP,6,,8896228359,9000208,OQ,GLUE,6,CN,,2.2474,13.48,,211094,"HARAPAN BOJONEGORO, CV",131870
28/04/2009,1970/O2,1,2808/OV,9643203161,"GLOVE, HAND, MENS POLKA DOT, PATTERN OR KNITED, 12 PAIR/DOZ",500,PRS,207028,"Sumber Keselamatan, PT",11011/SKK/DO/09,9000287,OP,1,,9643203161,9000210,OQ,"GLOVE, HAND",500,PR,,0.2159,107.95,,207028,"SUMBER KESELAMATAN KERJA, PT",131870
28/04/2009,1970/O2,2,2808/OV,9643106939,"BOOT, SAFETY, SIZE : 7, CHEETAH TYPE : D-108 PU",12,PRS,207028,"Sumber Keselamatan, PT",11011/SKK/DO/09,9000287,OP,2,,9643106939,9000210,OQ,"BOOTS, SAFETY",12,PR,,23.3563,280.28,,207028,"SUMBER KESELAMATAN KERJA, PT",131870
28/04/2009,1970/O2,3,2808/OV,9643106951,"BOOT, SAFETY, SIZE : 8, CHEETAH, TYPE : D108 PU",8,PRS,207028,"Sumber Keselamatan, PT",11011/SKK/DO/09,9000287,OP,3,,9643106951,9000210,OQ,"BOOTS, SAFETY",8,PR,,23.3563,186.85,,207028,"SUMBER KESELAMATAN KERJA, PT",131870
28/04/2009,1970/O2,4,2808/OV,9643106999,"BOOT, SAFETY, SIZE : 10, CHEETAH, TYPE : D108 PU",2,PRS,207028,"Sumber Keselamatan, PT",11011/SKK/DO/09,9000287,OP,4,,9643106999,9000210,OQ,"BOOTS, SAFETY",2,PR,,23.3563,46.71,,207028,"SUMBER KESELAMATAN KERJA, PT",131870
28/04/2009,1970/O2,5,2808/OV,9631551479,"RAINCOAT, SIZE : ""L"", RAINWEAR, COLOR : BRIGHT YELLOW",12,PRS,207028,"Sumber Keselamatan, PT",11011/SKK/DO/09,9000287,OP,5,,9631551479,9000210,OQ,RAINCOAT,12,PR,,6.3789,76.55,,207028,"SUMBER KESELAMATAN KERJA, PT",131870
28/04/2009,1970/O2,6,2808/OV,9631551369,"RAINCOAT, SIZE : ""S"", COLOR : YELLOW, WITH HOOD",6,PRS,207028,"Sumber Keselamatan, PT",11011/SKK/DO/09,9000287,OP,6,,9631551369,9000210,OQ,RAINCOAT,6,PR,,6.3789,38.27,,207028,"SUMBER KESELAMATAN KERJA, PT",131870
28/04/2009,1970/O2,7,2808/OV,9649101199,"GOGGLES, SAFETY, ""TOMAHAWK"", TYPE : TK119, MFG.: CREWS, INC.",20,PCS,207028,"Sumber Keselamatan, PT",11011/SKK/DO/09,9000287,OP,7,,9649101199,9000210,OQ,"GOGGLES, SAFETY",20,EA,,3.4348,68.7,,207028,"SUMBER KESELAMATAN KERJA, PT",131870
28/04/2009,1970/O2,8,2808/OV,9649301459,"MUFF, EAR, FOR USE WITH SLOTED HARD HAT, '3M'- 1450",5,PCS,207028,"Sumber Keselamatan, PT",11011/SKK/DO/09,9000287,OP,8,,9649301459,9000210,OQ,EAR MUFFS,5,EA,,16.6831,83.42,,207028,"SUMBER KESELAMATAN KERJA, PT",131870
28/04/2009,1970/O2,9,2808/OV,9658304109,"RESPIRATOR, DUST, DISPOSAL, ""3M"" # 8710",50,PCS,207028,"Sumber Keselamatan, PT",11011/SKK/DO/09,9000287,OP,9,,9658304109,9000210,OQ,"RESPIRATOR, DUST",50,EA,,0.5889,29.45,,207028,"SUMBER KESELAMATAN KERJA, PT",131870
28/04/2009,1970/O2,10,2808/OV,9664730109,"TAPE, SAFETY, HAZARD, 3"" X 500 M/ROLL, NON ADHESIVE, YELLOW/BLACK",20,ROLL,207028,"Sumber Keselamatan, PT",11011/SKK/DO/09,9000287,OP,10,,9664730109,9000210,OQ,"TAPE, SAFETY HAZARD",20,RL,,9.5683,191.37,,207028,"SUMBER KESELAMATAN KERJA, PT",131870
30/04/2009,2017/O2,1,2816/OV,8778055509,"HERBICIDE, GRASS KILLER, ROUND UP, ""MONSANTO CORP""",32,CAN,207276,"Jasa Teknik, UD",SJ-019,9000301,OP,1,,8778055509,9000224,OQ,"HERBICIDE, FOR GRASS KILLER",32,CN,,29.7955,953.46,,207276,"JASA TEKNIK, UD",131870
4/5/2009,9000005/OP,1,9000109/OV,8922900119,"CEMENT, CLASS ""G"", OIL WELL HIGH SULFATE-RESISTANT TYPES",800,SXS,202397,"Andramuda Primantara, PT",SJ-04/05/2009,9000005,OP,1,9000109/OV,8922900119,9000010,OQ,CEMENT CLASS G,800,SA,5/4/2009,7.14,"5,712.00",,202397,"ANDRAMUDA PRIMANTARA, PT",101131
5/5/2009,1979/O2,1,2915/OV,7662793101,"FLANGE, WN, 2""-150#, R.F, SCH-40 BORE, CS, ASTM A-105",18,EA,205693,"Aquaterra Suplindo, PT",ATSDO-09/0236/04/0G/TN/P1,9000290,OP,1,,7662793101,9000213,OQ,"FLANGE, WELD NECK,CLS 150#R.F.",18,EA,,17.5242,315.44,,205693,"AQUA TERRA SUPLINDO, PT",131870
5/5/2009,1979/O2,2,2915/OV,7662793126,"FLANGE, WELD NECK,CLS 150#R.F. 3"", SCH-40, CARBON STEEL ASTM
",2,EA,205693,"Aquaterra Suplindo, PT",ATSDO-09/0236/04/0G/TN/P1,9000290,OP,2,,7662793126,9000213,OQ,"FLANGE, WELD NECK,CLS 150#R.F.",2,EA,,27.4959,54.99,,205693,"AQUA TERRA SUPLINDO, PT",131870
5/5/2009,1979/O2,3,2915/OV,7662793149,"FLANGE, WN, 4""-150#, R.F, SCH 40, ASTM A-105",1,EA,205693,"Aquaterra Suplindo, PT",ATSDO-09/0236/04/0G/TN/P1,9000290,OP,3,,7662793149,9000213,OQ,"FLANGE, WELD NECK",1,EA,,35.2844,35.28,,205693,"AQUA TERRA SUPLINDO, PT",131870
5/5/2009,1979/O2,4,2915/OV,7662793169,"FLANGE, WELD NECK 6""- 150 #, R.F,SCH-40 BORE
",8,EA,205693,"Aquaterra Suplindo, PT",ATSDO-09/0236/04/0G/TN/P1,9000290,OP,4,,7662793181,9000213,OQ,"FLANGE, WELD NECK",8,EA,,91.2791,730.23,,205693,"AQUA TERRA SUPLINDO, PT",131870
5/5/2009,1979/O2,5,2915/OV,7662793181,"FLANGE, WN, 8""-150#, R.F, SCH-40 BORE, CS, ASTM A-105",4,EA,205693,"Aquaterra Suplindo, PT",ATSDO-09/0236/04/0G/TN/P1,9000290,OP,5,,7662793201,9000213,OQ,"FLANGE, WELD NECK",4,EA,,143.0256,572.1,,205693,"AQUA TERRA SUPLINDO, PT",131870
5/5/2009,1979/O2,6,2915/OV,7662793201,"FLANGE, WELD NECK 10"" 150 PSI,SCH.40,CARBON
",1,EA,205693,"Aquaterra Suplindo, PT",ATSDO-09/0236/04/0G/TN/P1,9000290,OP,6,,7662793226,9000213,OQ,"FLANGE, WELD NECK,CLS 150#R.F.",1,EA,,227.6372,227.64,,205693,"AQUA TERRA SUPLINDO, PT",131870
5/5/2009,1979/O2,7,2915/OV,7662793226,"FLANGE, WELD NECK,CLS 150#R.F. 12"", SCH-40, CARBON STEEL ASTM
",2,EA,205693,"Aquaterra Suplindo, PT",ATSDO-09/0236/04/0G/TN/P1,9000290,OP,7,,7662100781,9000213,OQ,"FLANGE, BLIND, CLASS 150 # R.F",2,EA,,89.155,178.31,,205693,"AQUA TERRA SUPLINDO, PT",131870
5/5/2009,1979/O2,8,2915/OV,7662100781,"FLANGE, BLIND, 8""-150#, R.F, CS, ASTM A-105",3,EA,205693,"Aquaterra Suplindo, PT",ATSDO-09/0236/04/0G/TN/P1,9000290,OP,8,,7662100811,9000213,OQ,"FLANGE, BLIND, CLASS 150 # R.F",3,EA,,301.9821,905.95,,205693,"AQUA TERRA SUPLINDO, PT",131870
5/5/2009,1979/O2,9,2915/OV,7662100811,"FLANGE, BLIND, CLASS 150 # R.F 12"", CARBON STEEL, ASTM A-105
",1,EA,205693,"Aquaterra Suplindo, PT",ATSDO-09/0236/04/0G/TN/P1,9000290,OP,9,,7630406051,9000213,OQ,"ELBOW, BUTT WELD",1,EA,,6.0185,6.02,,205693,"AQUA TERRA SUPLINDO, PT",131870
5/5/2009,1979/O2,10,2915/OV,7630406051,"ELBOW, BW, 2""- 90 DEG., SCH.40, L.R, CS, ASTM A 234",10,EA,205693,"Aquaterra Suplindo, PT",ATSDO-09/0236/04/0G/TN/P1,9000290,OP,10,,7630406256,9000213,OQ,"ELBOW, BUTT WELD",10,EA,,12.8629,128.63,,205693,"AQUA TERRA SUPLINDO, PT",131870
5/5/2009,1979/O2,11,2915/OV,7630406256,"ELBOW, BUTT WELD 3""- 90 DEG. SCH.40, L.R,
",6,EA,205693,"Aquaterra Suplindo, PT",ATSDO-09/0236/04/0G/TN/P1,9000290,OP,11,,7630406459,9000213,OQ,"ELBOW, BUTT WELD",6,EA,,20.8284,124.97,,205693,"AQUA TERRA SUPLINDO, PT",131870
5/5/2009,1979/O2,12,2915/OV,7630406459,"ELBOW, BUTT WELD 4""- 90 DEG. SCH.40, L.R,
 ",4,EA,205693,"Aquaterra Suplindo, PT",ATSDO-09/0236/04/0G/TN/P1,9000290,OP,12,,7630406651,9000213,OQ,"ELBOW, BUTT WELD",4,EA,,52.1005,208.4,,205693,"AQUA TERRA SUPLINDO, PT",131870
5/5/2009,1979/O2,13,2915/OV,7630406651,"ELBOW, BUTT WELD 6"" 90 DEG. SCH.40, L.R.,
",8,EA,205693,"Aquaterra Suplindo, PT",ATSDO-09/0236/04/0G/TN/P1,9000290,OP,13,,7630406851,9000213,OQ,"ELBOW, BUTT WELD",8,EA,,104.85,838.8,,205693,"AQUA TERRA SUPLINDO, PT",131870
5/5/2009,1979/O2,14,2915/OV,7630406851,"ELBOW, BUTT WELD 8"" 90 DEG, SCH-40, LG RADIUS,
",13,EA,205693,"Aquaterra Suplindo, PT",ATSDO-09/0236/04/0G/TN/P1,9000290,OP,14,,7630407049,9000213,OQ,"ELBOW, BUTT WELD",13,EA,,193.8279,"2,519.76",,205693,"AQUA TERRA SUPLINDO, PT",131870
5/5/2009,1979/O2,15,2915/OV,7630407049,"ELBOW, BUTT WELD 10""- 90 DEG. SCH.40, L.R,
",10,EA,205693,"Aquaterra Suplindo, PT",ATSDO-09/0236/04/0G/TN/P1,9000290,OP,15,,7630407281,9000213,OQ,"ELBOW, BUTT WELD",10,EA,,280.1507,"2,801.51",,205693,"AQUA TERRA SUPLINDO, PT",131870
5/5/2009,1979/O2,16,2915/OV,7630407281,"ELBOW, BUTT WELD 12""- 90 DEG. SCH.40, L.R,
",3,EA,205693,"Aquaterra Suplindo, PT",ATSDO-09/0236/04/0G/TN/P1,9000290,OP,16,,7628863361,9000213,OQ,"TEE, EQUAL,BUTT WELD",3,EA,,15.8721,47.62,,205693,"AQUA TERRA SUPLINDO, PT",131870
5/5/2009,1979/O2,17,2915/OV,7628863361,"TEE, EQUAL, BW, 2"", SCH-40, CS, ASTM A 234, GR. WPB",2,EA,205693,"Aquaterra Suplindo, PT",ATSDO-09/0236/04/0G/TN/P1,9000290,OP,17,,7628864129,9000213,OQ,"TEE, EQUAL,BUTT WELD",2,EA,,799.0312,"1,598.06",,205693,"AQUA TERRA SUPLINDO, PT",131870
5/5/2009,1979/O2,18,2915/OV,7628864129,"TEE, EQUAL,BUTT WELD 12"", SCH.40, CARBON STEEL.
",1,EA,205693,"Aquaterra Suplindo, PT",ATSDO-09/0236/04/0G/TN/P1,9000290,OP,18,,7630723356,9000213,OQ,"REDUCER, CONCENTRIC",1,EA,,36.9955,37,,205693,"AQUA TERRA SUPLINDO, PT",131870
5/5/2009,1979/O2,19,2915/OV,7630723356,"REDUCER, CONCENTRIC 8"" X 6"" SCH-40, CARBON STEEL
",1,EA,205693,"Aquaterra Suplindo, PT",ATSDO-09/0236/04/0G/TN/P1,9000290,OP,19,,7680183906,9000213,OQ,WELDOLET,1,EA,,15.3411,15.34,,205693,"AQUA TERRA SUPLINDO, PT",131870
5/5/2009,1979/O2,20,2915/OV,7680183906,"WELDOLET SIZE : 2"" X 10"", 3000 PSI,
",2,EA,205693,"Aquaterra Suplindo, PT",ATSDO-09/0236/04/0G/TN/P1,9000290,OP,20,,7680183866,9000213,OQ,WELDOLET,2,EA,,15.3411,30.68,,205693,"AQUA TERRA SUPLINDO, PT",131870
5/5/2009,1979/O2,21,2915/OV,7680183866,"WELDOLET SIZE : 6"" X 2"", SCH.40,
",6,EA,205693,"Aquaterra Suplindo, PT",ATSDO-09/0236/04/0G/TN/P1,9000290,OP,21,,7680184369,9000213,OQ,WELDOLET,6,EA,,41.7158,250.29,,205693,"AQUA TERRA SUPLINDO, PT",131870
5/5/2009,1979/O2,22,2915/OV,7680184369,"WELDOLET 14"" - 10"" X 4"", SCH.40, 3000 #
",2,EA,205693,"Aquaterra Suplindo, PT",ATSDO-09/0236/04/0G/TN/P1,9000290,OP,22,,7680281431,9000213,OQ,THREADOLET,2,EA,,4.2483,8.5,,205693,"AQUA TERRA SUPLINDO, PT",131870
5/5/2009,1979/O2,23,2915/OV,7680281431,"THREADOLET 3/4"" X 5""-3"", 3000#, CARBON
",2,EA,205693,"Aquaterra Suplindo, PT",ATSDO-09/0236/04/0G/TN/P1,9000290,OP,23,,7604540129,9000213,OQ,"NIPPLE, HEXAGON, GALVANIZED",2,EA,,2.9502,5.9,,205693,"AQUA TERRA SUPLINDO, PT",131870
5/5/2009,1979/O2,24,2915/OV,7604540129,"NIPPLE, HEXAGON, GALVANIZED SIZE:3/4"", SCREWED-NPT, ASTM
",5,EA,205693,"Aquaterra Suplindo, PT",ATSDO-09/0236/04/0G/TN/P1,9000290,OP,24,,7604540169,9000213,OQ,"NIPPLE, HEXAGON, GALVANIZED",5,EA,,3.1509,15.75,,205693,"AQUA TERRA SUPLINDO, PT",131870
5/5/2009,1979/O2,25,2915/OV,7604540169,"NIPPLE, HEXAGON, GALVANIZED SIZE:1"", SCREWED-NPT, ASTM
",10,EA,205693,"Aquaterra Suplindo, PT",ATSDO-09/0236/04/0G/TN/P1,9000290,OP,25,,7605660129,9000213,OQ,"PLUG, HEXAGON HEAD",10,EA,,1.2981,12.98,,205693,"AQUA TERRA SUPLINDO, PT",131870
5/5/2009,1979/O2,26,2915/OV,7605660129,"PLUG, HEXAGON HEAD NOM. SIZE : 3/4""-3000
",5,EA,205693,"Aquaterra Suplindo, PT",ATSDO-09/0236/04/0G/TN/P1,9000290,OP,26,,7605660169,9000213,OQ,"PLUG, HEXAGON HEAD",5,EA,,1.5932,7.97,,205693,"AQUA TERRA SUPLINDO, PT",131870
5/5/2009,1979/O2,27,2915/OV,7605660169,"PLUG, HEXAGON HEAD 1"" - 3000#, CARBON STEEL
",10,EA,205693,"Aquaterra Suplindo, PT",ATSDO-09/0236/04/0G/TN/P1,9000290,OP,27,,8138412711,9000213,OQ,STUD BOLT,10,EA,,1.4751,14.75,,205693,"AQUA TERRA SUPLINDO, PT",131870
5/5/2009,1979/O2,28,2915/OV,8138412711,"STUD BOLT 5/8""DIA X 3-1/2""LG, C/W TWO
",132,EA,205693,"Aquaterra Suplindo, PT",ATSDO-09/0236/04/0G/TN/P1,9000290,OP,28,,8138412731,9000213,OQ,STUD BOLT,132,EA,,1.5342,202.51,,205693,"AQUA TERRA SUPLINDO, PT",131870
5/5/2009,1979/O2,29,2915/OV,8138412731,"STUD BOLT, 5/8"" X 4"" LG, CADMIUM PLATED, STUD GR. B7 & NUT GR. 2H",24,EA,205693,"Aquaterra Suplindo, PT",ATSDO-09/0236/04/0G/TN/P1,9000290,OP,29,,8138413299,9000213,OQ,STUD BOLT,24,EA,,2.0652,49.56,,205693,"AQUA TERRA SUPLINDO, PT",131870
5/5/2009,1979/O2,30,2915/OV,8138413299,"STUD BOLT, 3/4"" X 4"" LG, CADMIUM PLATED, STUD GR. B7 & NUT GR. 2H",64,EA,205693,"Aquaterra Suplindo, PT",ATSDO-09/0236/04/0G/TN/P1,9000290,OP,30,,8138413311,9000213,OQ,STUD BOLT,64,EA,,2.2422,143.5,,205693,"AQUA TERRA SUPLINDO, PT",131870
5/5/2009,1979/O2,31,2915/OV,8138413311,"STUD BOLT, 3/4"" DIA.X 4-1/2""LONG,C/W. TWO HEX HEAD, CADMIUM, GRADE B7, GRADE 2H",64,EA,205693,"Aquaterra Suplindo, PT",ATSDO-09/0236/04/0G/TN/P1,9000290,OP,31,,8138614026,9000213,OQ,STUD BOLT,64,EA,,3.1863,203.92,,205693,"AQUA TERRA SUPLINDO, PT",131870
5/5/2009,1979/O2,32,2915/OV,8138614026,"STUD BOLT 7/8"" DIA. X 5"" LONG, C/W. TWO
",36,EA,205693,"Aquaterra Suplindo, PT",ATSDO-09/0236/04/0G/TN/P1,9000290,OP,32,,8138614061,9000213,OQ,STUD BOLT,36,EA,,3.4813,125.33,,205693,"AQUA TERRA SUPLINDO, PT",131870
5/5/2009,1979/O2,33,2915/OV,8138614061,"STUD BOLT 7/8"" DIA. X 6"" LONG, C/W. TWO
",12,EA,205693,"Aquaterra Suplindo, PT",ATSDO-09/0236/04/0G/TN/P1,9000290,OP,33,,8541411049,9000213,OQ,"GASKET, SPIRAL WOUND",12,EA,,7.4935,89.92,,205693,"AQUA TERRA SUPLINDO, PT",131870
5/5/2009,1979/O2,34,2915/OV,8541411049,"GASKET, SPIRAL WOUND 2"" 150 PSI,1/8"" THICKNESS,
",39,EA,205693,"Aquaterra Suplindo, PT",ATSDO-09/0236/04/0G/TN/P1,9000290,OP,34,,8541411066,9000213,OQ,"GASKET, SPIRAL WOUND",39,EA,,9.9127,386.6,,205693,"AQUA TERRA SUPLINDO, PT",131870
5/5/2009,1979/O2,35,2915/OV,8541411066,"GASKET, SPIRAL WOUND 3"" 150 PSI,1/8"" THICKNESS,
",6,EA,205693,"Aquaterra Suplindo, PT",ATSDO-09/0236/04/0G/TN/P1,9000290,OP,35,,8541411099,9000213,OQ,"GASKET, SPIRAL WOUND",6,EA,,13.0989,78.59,,205693,"AQUA TERRA SUPLINDO, PT",131870
5/5/2009,1979/O2,36,2915/OV,8541411099,"GASKET, SPIRAL WOUND 4"" 150 PSI, 1/8"" THICKNESS
",2,EA,205693,"Aquaterra Suplindo, PT",ATSDO-09/0236/04/0G/TN/P1,9000290,OP,36,,8541420249,9000213,OQ,"GASKET, SPIRAL WOUND",2,EA,,20.2974,40.59,,205693,"AQUA TERRA SUPLINDO, PT",131870
5/5/2009,1979/O2,37,2915/OV,8541420249,"GASKET, SPIRAL WOUND 6"" 150 PSI, COMPRESSED
",8,EA,205693,"Aquaterra Suplindo, PT",ATSDO-09/0236/04/0G/TN/P1,9000290,OP,37,,8541411126,9000213,OQ,"GASKET, SPIRAL WOUND",8,EA,,28.2629,226.1,,205693,"AQUA TERRA SUPLINDO, PT",131870
5/5/2009,1979/O2,38,2915/OV,8541411126,"GASKET, SPIRAL WOUND 8"" 150 PSI,1/8"" THICKNESS,
",4,EA,205693,"Aquaterra Suplindo, PT",ATSDO-09/0236/04/0G/TN/P1,9000290,OP,38,,8541411146,9000213,OQ,"GASKET, SPIRAL WOUND",4,EA,,34.5764,138.31,,205693,"AQUA TERRA SUPLINDO, PT",131870
5/5/2009,1979/O2,39,2915/OV,8541411146,"GASKET, SPIRAL WOUND 10"" 150 PSI,C.S,INNER & OUTER
",2,EA,205693,"Aquaterra Suplindo, PT",ATSDO-09/0236/04/0G/TN/P1,9000290,OP,39,,8531025309,9000213,OQ,"GASKET, RING ASBESTOS",2,EA,,45.7871,91.57,,205693,"AQUA TERRA SUPLINDO, PT",131870
5/5/2009,1979/O2,40,2915/OV,8531025309,"GASKET, RING ASBESTOS 12"" 150 PSI,1/8"" THICKNESS,
",2,EA,205693,"Aquaterra Suplindo, PT",ATSDO-09/0236/04/0G/TN/P1,9000290,OP,40,,7662793169,9000213,OQ,"FLANGE, WELD NECK",2,EA,,56.3488,112.7,,205693,"AQUA TERRA SUPLINDO, PT",131870
5/5/2009,1981/O2,1,2919/OV,7662793181,"FLANGE, WN, 8""-150#, R.F, SCH-40 BORE, CS, ASTM A-105",2,EA,205693,"Aquaterra Suplindo, PT",ATSPO-09/0235/04/OG/TN/P1,9000291,OP,1,,7662793181,9000214,OQ,"FLANGE, WELD NECK",2,EA,,91.1482,182.3,,205693,"AQUA TERRA SUPLINDO, PT",131870
5/5/2009,1981/O2,2,2919/OV,7662797241,"FLANGE, WELD NECK 8"" 600 PSI,SCH.80,CARBON
",2,EA,205693,"Aquaterra Suplindo, PT",ATSPO-09/0235/04/OG/TN/P1,9000291,OP,2,,7662797241,9000214,OQ,"FLANGE, WELD NECK",2,EA,,328.5575,657.12,,205693,"AQUA TERRA SUPLINDO, PT",131870
5/5/2009,1981/O2,3,2919/OV,7662793169,"FLANGE, WELD NECK 6""- 150 #, R.F,SCH-40 BORE
",10,EA,205693,"Aquaterra Suplindo, PT",ATSPO-09/0235/04/OG/TN/P1,9000291,OP,3,,7662793169,9000214,OQ,"FLANGE, WELD NECK",10,EA,,56.3494,563.49,,205693,"AQUA TERRA SUPLINDO, PT",131870
5/5/2009,1981/O2,4,2919/OV,7662793149,"FLANGE, WN, 4""-150#, R.F, SCH 40, ASTM A-105",3,EA,205693,"Aquaterra Suplindo, PT",ATSPO-09/0235/04/OG/TN/P1,9000291,OP,4,,7662793149,9000214,OQ,"FLANGE, WELD NECK",3,EA,,35.3288,105.99,,205693,"AQUA TERRA SUPLINDO, PT",131870
5/5/2009,1981/O2,5,2919/OV,7630406851,"ELBOW, BUTT WELD 8"" 90 DEG, SCH-40, LG RADIUS,
",8,EA,205693,"Aquaterra Suplindo, PT",ATSPO-09/0235/04/OG/TN/P1,9000291,OP,5,,7630406851,9000214,OQ,"ELBOW, BUTT WELD",8,EA,,104.8087,838.47,,205693,"AQUA TERRA SUPLINDO, PT",131870
5/5/2009,1981/O2,6,2919/OV,7630386851,"ELBOW, BUTT WELD 8"" 45DEG. SCH-40, LG RADIUS,
",4,EA,205693,"Aquaterra Suplindo, PT",ATSPO-09/0235/04/OG/TN/P1,9000291,OP,6,,7630386851,9000214,OQ,"ELBOW, BUTT WELD",4,EA,,78.0766,312.31,,205693,"AQUA TERRA SUPLINDO, PT",131870
5/5/2009,1981/O2,7,2919/OV,7630406889,"ELBOW, BUTT WELD 8""- 90 DEG. SCH.80, L.R,
",6,EA,205693,"Aquaterra Suplindo, PT",ATSPO-09/0235/04/OG/TN/P1,9000291,OP,7,,7630406889,9000214,OQ,"ELBOW, BUTT WELD",6,EA,,191.2464,"1,147.48",,205693,"AQUA TERRA SUPLINDO, PT",131870
5/5/2009,1981/O2,8,2919/OV,7630406651,"ELBOW, BUTT WELD 6"" 90 DEG. SCH.40, L.R.,
",5,EA,205693,"Aquaterra Suplindo, PT",ATSPO-09/0235/04/OG/TN/P1,9000291,OP,8,,7630406651,9000214,OQ,"ELBOW, BUTT WELD",5,EA,,52.11,260.55,,205693,"AQUA TERRA SUPLINDO, PT",131870
5/5/2009,1981/O2,9,2919/OV,7630386459,"ELBOW, BUTT WELD 4""- 45 DEG. SCH 40. L.R.
",4,EA,205693,"Aquaterra Suplindo, PT",ATSPO-09/0235/04/OG/TN/P1,9000291,OP,9,,7630386459,9000214,OQ,"ELBOW, BUTT WELD",4,EA,,15.0148,60.06,,205693,"AQUA TERRA SUPLINDO, PT",131870
5/5/2009,1981/O2,10,2919/OV,7630723356,"REDUCER, CONCENTRIC 8"" X 6"" SCH-40, CARBON STEEL
",2,EA,205693,"Aquaterra Suplindo, PT",ATSPO-09/0235/04/OG/TN/P1,9000291,OP,10,,7630723356,9000214,OQ,"REDUCER, CONCENTRIC",2,EA,,37.0952,74.19,,205693,"AQUA TERRA SUPLINDO, PT",131870
5/5/2009,1981/O2,11,2919/OV,7680184349,"WELDOLET SIZE : 12"" X 6"", 3000 PSI,
",2,EA,205693,"Aquaterra Suplindo, PT",ATSPO-09/0235/04/OG/TN/P1,9000291,OP,11,,7680184349,9000214,OQ,WELDOLET,2,EA,,256.369,512.74,,205693,"AQUA TERRA SUPLINDO, PT",131870
5/5/2009,1981/O2,12,2919/OV,7680184409,"WELDOLET 24"" - 6"" X 4"", SCH.40, 3000 #
",2,EA,205693,"Aquaterra Suplindo, PT",ATSPO-09/0235/04/OG/TN/P1,9000291,OP,12,,7680184409,9000214,OQ,WELDOLET,2,EA,,43.1011,86.2,,205693,"AQUA TERRA SUPLINDO, PT",131870
5/5/2009,1981/O2,13,2919/OV,8138413299,"STUD BOLT, 3/4"" X 4"" LG, CADMIUM PLATED, STUD GR. B7 & NUT GR. 2H",48,EA,205693,"Aquaterra Suplindo, PT",ATSPO-09/0235/04/OG/TN/P1,9000291,OP,13,,8138413299,9000214,OQ,STUD BOLT,48,EA,,1.8607,89.31,,205693,"AQUA TERRA SUPLINDO, PT",131870
5/5/2009,1981/O2,14,2919/OV,8138412731,"STUD BOLT, 5/8"" X 4"" LG, CADMIUM PLATED, STUD GR. B7 & NUT GR. 2H",16,EA,205693,"Aquaterra Suplindo, PT",ATSPO-09/0235/04/OG/TN/P1,9000291,OP,14,,8138412731,9000214,OQ,STUD BOLT,16,EA,,1.5898,25.44,,205693,"AQUA TERRA SUPLINDO, PT",131870
5/5/2009,1981/O2,15,2919/OV,8138413311,"STUD BOLT, 3/4"" DIA.X 4-1/2""LONG,C/W. TWO HEX HEAD, CADMIUM, GRADE B7, GRADE 2H",56,EA,205693,"Aquaterra Suplindo, PT",ATSPO-09/0235/04/OG/TN/P1,9000291,OP,15,,8138413311,9000214,OQ,STUD BOLT,56,EA,,2.2611,126.62,,205693,"AQUA TERRA SUPLINDO, PT",131870
5/5/2009,1981/O2,16,2919/OV,8138615319,"STUD BOLT 1-1/8"" ID X 6-1/2"" LG, C/W 2
",40,EA,205693,"Aquaterra Suplindo, PT",ATSPO-09/0235/04/OG/TN/P1,9000291,OP,16,,8138615319,9000214,OQ,STUD BOLT,40,EA,,6.7125,268.5,,205693,"AQUA TERRA SUPLINDO, PT",131870
5/5/2009,1981/O2,17,2919/OV,8138615371,"STUD BOLT 1-1/8""DIA X 8""LG, C/W TWO HEX
",12,EA,205693,"Aquaterra Suplindo, PT",ATSPO-09/0235/04/OG/TN/P1,9000291,OP,17,,8138615371,9000214,OQ,STUD BOLT,12,EA,,7.1836,86.2,,205693,"AQUA TERRA SUPLINDO, PT",131870
5/5/2009,1981/O2,18,2919/OV,8541411099,"GASKET, SPIRAL WOUND 4"" 150 PSI, 1/8"" THICKNESS
",2,EA,205693,"Aquaterra Suplindo, PT",ATSPO-09/0235/04/OG/TN/P1,9000291,OP,18,,8541411099,9000214,OQ,"GASKET, SPIRAL WOUND",2,EA,,13.1306,26.26,,205693,"AQUA TERRA SUPLINDO, PT",131870
5/5/2009,1981/O2,19,2919/OV,8541420249,"GASKET, SPIRAL WOUND 6"" 150 PSI, COMPRESSED
",10,EA,205693,"Aquaterra Suplindo, PT",ATSPO-09/0235/04/OG/TN/P1,9000291,OP,19,,8541420249,9000214,OQ,"GASKET, SPIRAL WOUND",10,EA,,20.3141,203.14,,205693,"AQUA TERRA SUPLINDO, PT",131870
5/5/2009,1981/O2,20,2919/OV,8541411126,"GASKET, SPIRAL WOUND 8"" 150 PSI,1/8"" THICKNESS,
",2,EA,205693,"Aquaterra Suplindo, PT",ATSPO-09/0235/04/OG/TN/P1,9000291,OP,20,,8541411126,9000214,OQ,"GASKET, SPIRAL WOUND",2,EA,,28.3808,56.76,,205693,"AQUA TERRA SUPLINDO, PT",131870
5/5/2009,1981/O2,21,2919/OV,8541550216,"GASKET, SPIRAL WOUND 8"" 600 PSI R.F,""FLEXITALLIC""
",5,EA,205693,"Aquaterra Suplindo, PT",ATSPO-09/0235/04/OG/TN/P1,9000291,OP,21,,8541550216,9000214,OQ,"GASKET, SPIRAL WOUND",5,EA,,22.0805,110.4,,205693,"AQUA TERRA SUPLINDO, PT",131870
5/5/2009,2011/O2,1,2842/OV,7662100761,"FLANGE, BLIND, CLASS 150 # R.F 6"", CARBON STEEL, ASTM A-105
",15,EA,209026,"Atamora Tehnik Makmur, Sby",SM-017-517-016X/09,9000299,OP,1,,7662100761,9000222,OQ,"FLANGE, BLIND, CLASS 150 # R.F",15,EA,,61.8254,927.38,,209026,"ATAMORA TEHNIK MAKMUR, PT",131870
5/5/2009,2011/O2,2,2842/OV,7662100751,"FLANGE, BLIND, CLASS 150 # R.F 4"", CARBON STEEL, ASTM A-105

",5,EA,209026,"Atamora Tehnik Makmur, Sby",SM-017-517-016X/09,9000299,OP,2,,7662100751,9000222,OQ,"FLANGE, BLIND, CLASS 150 # R.F",5,EA,,35.1325,175.66,,209026,"ATAMORA TEHNIK MAKMUR, PT",131870
5/5/2009,2011/O2,3,2842/OV,7662100721,"FLANGE, BLIND, CLASS 150 # R.F 3"", CARBON STEEL, ASTM A-105
",5,EA,209026,"Atamora Tehnik Makmur, Sby",SM-017-517-016X/09,9000299,OP,3,,7662100721,9000222,OQ,"FLANGE, BLIND, CLASS 150 # R.F",5,EA,,26.8695,134.35,,209026,"ATAMORA TEHNIK MAKMUR, PT",131870
5/5/2009,2011/O2,4,2842/OV,7662100701,"FLANGE, BLIND, 2""-150#, R.F. CS, ASTM A-105",5,EA,209026,"Atamora Tehnik Makmur, Sby",SM-017-517-016X/09,9000299,OP,4,,7662100701,9000222,OQ,"FLANGE, BLIND, CLASS 150 # R.F",5,EA,,18.4004,92,,209026,"ATAMORA TEHNIK MAKMUR, PT",131870
5/5/2009,2011/O2,5,2842/OV,7630722961,"REDUCER, CONCENTRIC  6""X3"" SCH-40, WROUGHT CARBON
",4,EA,209026,"Atamora Tehnik Makmur, Sby",SM-017-517-016X/09,9000299,OP,5,,7630722961,9000222,OQ,"REDUCER, CONCENTRIC",4,EA,,44.161,176.64,,209026,"ATAMORA TEHNIK MAKMUR, PT",131870
5/5/2009,2011/O2,6,2842/OV,7630722356,"REDUCER, CONCENTRIC, 3"" X 2"" SCH-40, CS, ASTM A234 GR. BUTT WELD",4,EA,209026,"Atamora Tehnik Makmur, Sby",SM-017-517-016X/09,9000299,OP,6,,7630722356,9000222,OQ,"REDUCER, CONCENTRIC",4,EA,,9.5683,38.27,,209026,"ATAMORA TEHNIK MAKMUR, PT",131870
5/5/2009,2011/O2,7,2842/OV,7630406651,"ELBOW, BUTT WELD 6"" 90 DEG. SCH.40, L.R.,
",5,EA,209026,"Atamora Tehnik Makmur, Sby",SM-017-517-016X/09,9000299,OP,7,,7630406651,9000222,OQ,"ELBOW, BUTT WELD",5,EA,,61.531,307.66,,209026,"ATAMORA TEHNIK MAKMUR, PT",131870
5/5/2009,2011/O2,8,2842/OV,7630406459,"ELBOW, BUTT WELD 4"" 90 DEG. SCH.40, L.R.,
",5,EA,209026,"Atamora Tehnik Makmur, Sby",SM-017-517-016X/09,9000299,OP,8,,7630406459,9000222,OQ,"ELBOW, BUTT WELD",5,EA,,24.7302,123.65,,209026,"ATAMORA TEHNIK MAKMUR, PT",131870
5/5/2009,2011/O2,9,2842/OV,7628863761,"TEE, EQUAL, BW, 4"", SCH-40, CS, ASTM A 234, GR. WPB",4,EA,209026,"Atamora Tehnik Makmur, Sby",SM-017-517-016X/09,9000299,OP,9,,7628863761,9000222,OQ,"TEE, EQUAL,BUTT WELD",4,EA,,57.7037,230.81,,209026,"ATAMORA TEHNIK MAKMUR, PT",131870
5/5/2009,2011/O2,10,2842/OV,7680281431,"THREADOLET 3/4"" X 5""-3"", 3000#, CARBON
",45,EA,209026,"Atamora Tehnik Makmur, Sby",SM-017-517-016X/09,9000299,OP,10,,7680281431,9000222,OQ,THREADOLET,45,EA,,4.3671,196.52,,209026,"ATAMORA TEHNIK MAKMUR, PT",131870
5/5/2009,2011/O2,11,2842/OV,8138412731,"STUD BOLT, 5/8"" X 4"" LG, CADMIUM PLATED, STUD GR. B7 & NUT GR. 2H",60,EA,209026,"Atamora Tehnik Makmur, Sby",SM-017-517-016X/09,9000299,OP,11,,8138412731,9000222,OQ,STUD BOLT,60,EA,,1.3739,82.43,,209026,"ATAMORA TEHNIK MAKMUR, PT",131870
5/5/2009,2011/O2,12,2842/OV,8138413299,"STUD BOLT, 3/4"" X 4"" LG, CADMIUM PLATED, STUD GR. B7 & NUT GR. 2H",50,EA,209026,"Atamora Tehnik Makmur, Sby",SM-017-517-016X/09,9000299,OP,12,,8138413299,9000222,OQ,STUD BOLT,50,EA,,2.0609,103.05,,209026,"ATAMORA TEHNIK MAKMUR, PT",131870
5/5/2009,2011/O2,13,2842/OV,8531025241,"GASKET, SW, 6""-150#, 1/8"" THK, CS INNER & OUTER RING",10,EA,209026,"Atamora Tehnik Makmur, Sby",SM-017-517-016X/09,9000299,OP,13,,8531025241,9000222,OQ,"GASKET, SPIRAL WOUND",10,EA,,15.9471,159.47,,209026,"ATAMORA TEHNIK MAKMUR, PT",131870
5/5/2009,2011/O2,14,2842/OV,8531025201,"GASKET, SPIRAL WOUND 4"" 150 #, CARBON STEEL OUTER
",5,EA,209026,"Atamora Tehnik Makmur, Sby",SM-017-517-016X/09,9000299,OP,14,,8531025201,9000222,OQ,"GASKET, SPIRAL WOUND",5,EA,,11.0403,55.2,,209026,"ATAMORA TEHNIK MAKMUR, PT",131870
5/5/2009,2011/O2,15,2842/OV,8531025181,"GASKET, SW, 3""-150#, CS, OUTER RING, FLEXITALLIC, NON ASB. FILLER",5,EA,209026,"Atamora Tehnik Makmur, Sby",SM-017-517-016X/09,9000299,OP,15,,8531025181,9000222,OQ,"GASKET, SPIRAL WOUND",5,EA,,8.5869,42.93,,209026,"ATAMORA TEHNIK MAKMUR, PT",131870
5/5/2009,2011/O2,16,2842/OV,8541411049,"GASKET, SPIRAL WOUND 2"" 150 #, CARBON STEEL OUTER
",5,EA,209026,"Atamora Tehnik Makmur, Sby",SM-017-517-016X/09,9000299,OP,16,,8541411049,9000222,OQ,"GASKET, SPIRAL WOUND",5,EA,,6.1335,30.67,,209026,"ATAMORA TEHNIK MAKMUR, PT",131870
5/5/2009,2011/O2,17,2842/OV,8541411146,"GASKET, SPIRAL WOUND 10"" 150 #, CARBON STEEL OUTER
",8,EA,209026,"Atamora Tehnik Makmur, Sby",SM-017-517-016X/09,9000299,OP,17,,8541411146,9000222,OQ,"GASKET, SPIRAL WOUND",8,EA,,27.478,219.82,,209026,"ATAMORA TEHNIK MAKMUR, PT",131870
5/5/2009,2011/O2,18,2842/OV,8541411301,"GASKET, SPIRAL WOUND SIZE:10"" 150#, (4.5MM) 1/8""
",8,EA,209026,"Atamora Tehnik Makmur, Sby",ATSPO-09/0235/04/OG/TN/P1,9000299,OP,18,,8541411301,9000222,OQ,"GASKET, SPIRAL WOUND",8,EA,,27.478,219.82,,209026,"ATAMORA TEHNIK MAKMUR, PT",131870
6/5/2009,2022/O2,1,2839/OV,7683160789,"STRAINER SIZE 8"" 150# TYPE ""Y"" A216 WCB",1,EA,208809,"Sanmas Dwika Abadi, PT",085/SDA-PPEJ/IV/09,9000304,OP,1,,7683160789,9000227,OQ,STRAINER,1,EA,,"1,840.04","1,840.04",,208809,"SANMAS DWIKA ABADI, PT",131870
6/5/2009,2025/O2,1,2889/OV,8070511009,"ROCK, RIVER RUN,  (BATU PASIR KALI BERSIH TANPA TANAH)",44.55,CUM,209766,"Adil, CV",SJ-06/05/2009,9000306,OP,1,,8070511009,9000229,OQ,ROCK,44.55,M3,,5.2994,236.09,,209766,"ADIL, CV",131870
7/5/2009,2025/O2,1,2889/OV,8070511009,"ROCK, RIVER RUN,  (BATU PASIR KALI BERSIH TANPA TANAH)",39.9,CUM,209766,"Adil, CV",SJ-07/05/2009,9000306,OP,1,,8070511009,9000229,OQ,ROCK,39.9,M3,,5.2994,211.45,,209766,"ADIL, CV",131870
8/5/2009,2016/O2,1,2834/OV,7413100691,"PIPE, SEAMLESS, 2""- SCH.40, API 5L GR.B / ASTM A-106",5,JT,208809,"Sanmas Dwika Abadi, PT",086/SDA-PPEJ/V/09,9000300,OP,1,,7413100691,9000223,OQ,"PIPE, LINE,SEAMLESS",5,JT,,104.4334,522.17,,208809,"SANMAS DWIKA ABADI, PT",131870
8/5/2009,2016/O2,2,2834/OV,7413101039,"PIPE, SEAMLESS, 3"" NOM,3.500"" OD, SCH-40, CS,  ASTM A-53 GR. B",5,JT,208809,"Sanmas Dwika Abadi, PT",086/SDA-PPEJ/V/09,9000300,OP,2,,7413101039,9000223,OQ,"PIPE, LINE,SEAMLESS",5,JT,,212.9604,"1,064.80",,208809,"SANMAS DWIKA ABADI, PT",131870
8/5/2009,2016/O2,3,2834/OV,7413101491,"PIPE, SEAMLESS, 4"" NOM,3.500"" OD, SCH-40, CS,  ASTM A-53 GR. B",9,JT,208809,"Sanmas Dwika Abadi, PT",086/SDA-PPEJ/V/09,9000300,OP,3,,7413101491,9000223,OQ,"PIPE, LINE,SEAMLESS",9,JT,,303.4145,"2,730.73",,208809,"SANMAS DWIKA ABADI, PT",131870
8/5/2009,2016/O2,4,2834/OV,7413102111,"PIPE, SEAMLESS, 6"" NOM., 6.625"" OD, SCH.40, CS,  API 5L, GR.B / ASTM A-106",5,JT,208809,"Sanmas Dwika Abadi, PT",086/SDA-PPEJ/V/09,9000300,OP,4,,7413102111,9000223,OQ,"PIPE, LINE,SEAMLESS",5,JT,,533.323,"2,666.62",,208809,"SANMAS DWIKA ABADI, PT",131870
8/5/2009,2019/O2,1,2835/OV,7413100691,"PIPE, SEAMLESS, 2""- SCH.40, API 5L GR.B / ASTM A-106",5,JT,208809,"Sanmas Dwika Abadi, PT",087/SDA-PPEJ/V/09,9000302,OP,1,,7413100691,9000225,OQ,"PIPE, LINE,SEAMLESS",5,JT,,105.2535,526.27,,208809,"SANMAS DWIKA ABADI, PT",131870
8/5/2009,2019/O2,2,2835/OV,7413101039,"PIPE, SEAMLESS, 3"" NOM,3.500"" OD, SCH-40, CS,  ASTM A-53 GR. B",5,JT,208809,"Sanmas Dwika Abadi, PT",087/SDA-PPEJ/V/09,9000302,OP,2,,7413101039,9000225,OQ,"PIPE, LINE,SEAMLESS",5,JT,,214.6328,"1,073.16",,208809,"SANMAS DWIKA ABADI, PT",131870
8/5/2009,2019/O2,3,2835/OV,7413101491,"PIPE, SEAMLESS, 4"" NOM,3.500"" OD, SCH-40, CS,  ASTM A-53 GR. B",5,JT,208809,"Sanmas Dwika Abadi, PT",087/SDA-PPEJ/V/09,9000302,OP,3,,7413101491,9000225,OQ,"PIPE, LINE,SEAMLESS",5,JT,,305.7974,"1,528.99",,208809,"SANMAS DWIKA ABADI, PT",131870
8/5/2009,2019/O2,4,2835/OV,7413102111,"PIPE, SEAMLESS, 6"" NOM., 6.625"" OD, SCH.40, CS,  API 5L, GR.B / ASTM A-106",10,JT,208809,"Sanmas Dwika Abadi, PT",087/SDA-PPEJ/V/09,9000302,OP,4,,7413102111,9000225,OQ,"PIPE, LINE,SEAMLESS",10,JT,,537.5114,"5,375.11",,208809,"SANMAS DWIKA ABADI, PT",131870
8/5/2009,2023/O2,2,2836/OV,6887160119,"SCREW, HEX HEAD 3/8"" X 1-1/2 "" LONG W/ SPRING AND WASHER",76,EA,209766,"Adil, CV",0162/SMU/05/09,9000305,OP,2,,6887160119,9000228,OQ,"SCREW, HEX HEAD",76,EA,,0.0786,5.97,,209766,"ADIL, CV",131870
8/5/2009,2023/O2,4,2836/OV,7413080149,"PIPE, GALVANIZED, 1"" (25MM) NPS",10,EA,209766,"Adil, CV",SJ-2023,9000305,OP,4,,7413080149,9000228,OQ,"PIPE, GALVANIZED",10,JT,,25.0246,250.25,,209766,"ADIL, CV",131870
8/5/2009,2023/O2,8,2836/OV,7521010121,"VALVE, BALL, BRASS/BRONZE, 3/4""FULL PORT, RATING:285, FLOATING BALL",4,EA,209766,"Adil, CV",SJ-2023,9000305,OP,8,,7521010121,9000228,OQ,"VALVE, BALL, NPT-FEMALE",4,EA,,4.0481,16.19,,209766,"ADIL, CV",131870
8/5/2009,2023/O2,9,2836/OV,7521010101,"VALVE, BALL, BRASS/BRONZE, 1/2""FULL PORT, RATING:285, FLOATING BALL",5,EA,209766,"Adil, CV",SJ-2023,9000305,OP,9,,7521010101,9000228,OQ,"VALVE, BALL, NPT-FEMALE",5,EA,,2.9441,14.72,,209766,"ADIL, CV",131870
8/5/2009,2023/O2,10,2836/OV,7604540089,"NIPPLE, HEXAGON, GALVANIZED, 1/2"", SCREWED-NPT, ASTM A-105",30,EA,209766,"Adil, CV",SJ-2023,9000305,OP,10,,7604540089,9000228,OQ,"NIPPLE, HEXAGON, GALVANIZED",30,EA,,0.2699,8.1,,209766,"ADIL, CV",131870
8/5/2009,2023/O2,11,2836/OV,7604540129,"NIPPLE, HEXAGON, GALVANIZED, 3/4"", SCREWED-NPT, ASTM A-105",25,EA,209766,"Adil, CV",SJ-2023,9000305,OP,11,,7604540129,9000228,OQ,"NIPPLE, HEXAGON, GALVANIZED",25,EA,,0.3926,9.82,,209766,"ADIL, CV",131870
8/5/2009,2023/O2,12,2836/OV,7604540169,"NIPPLE, HEXAGON, GALVANIZED, 1"", SCREWED-NPT, ASTM A-105",20,EA,209766,"Adil, CV",SJ-2023,9000305,OP,12,,7604540169,9000228,OQ,"NIPPLE, HEXAGON, GALVANIZED",20,EA,,0.5398,10.8,,209766,"ADIL, CV",131870
8/5/2009,2023/O2,13,2836/OV,7695710509,"SOCKET, PVC, 1/2"", CLASS-AW",40,EA,209766,"Adil, CV",SJ-2023,9000305,OP,13,,7695710509,9000228,OQ,"SOCKET, PVC",40,EA,,0.0982,3.93,,209766,"ADIL, CV",131870
8/5/2009,2023/O2,14,2836/OV,7695710549,"SOCKET, PVC, 3/4"", CLASS-AW",70,EA,209766,"Adil, CV",SJ-2023,9000305,OP,14,,7695710549,9000228,OQ,"SOCKET, PVC",70,EA,,0.0982,6.87,,209766,"ADIL, CV",131870
8/5/2009,2023/O2,15,2836/OV,7695710569,"SOCKET, PVC, 1"", CLASS AW",30,EA,209766,"Adil, CV",SJ-2023,9000305,OP,15,,7695710569,9000228,OQ,"SOCKET, PVC",30,EA,,0.0982,2.95,,209766,"ADIL, CV",131870
8/5/2009,2023/O2,16,2836/OV,7695711029,"SOCKET, PVC, 1/2"", OUTER THREAD, CLASS-AW",30,EA,209766,"Adil, CV",SJ-2023,9000305,OP,16,,7695711029,9000228,OQ,"SOCKET, PVC",30,EA,,0.0982,2.95,,209766,"ADIL, CV",131870
8/5/2009,2023/O2,17,2836/OV,7695391049,"ELBOW, PVC, INNER THREAD, 3/4""-90 DEG., CLASS-AW",20,EA,209766,"Adil, CV",SJ-2023,9000305,OP,17,,7695391049,9000228,OQ,"ELBOW, PVC",20,EA,,0.0982,1.96,,209766,"ADIL, CV",131870
8/5/2009,2023/O2,18,2836/OV,7695390169,"ELBOW, PVC, SOCKET, 1/2""-90 DEG., CLASS-AW",20,EA,209766,"Adil, CV",SJ-2023,9000305,OP,18,,7695390169,9000228,OQ,"ELBOW, PVC",20,EA,,0.0982,1.96,,209766,"ADIL, CV",131870
8/5/2009,2023/O2,19,2836/OV,7695390209,"ELBOW, PVC, SOCKET, 3/4""-90 DEG., CLASS-AW",17,EA,209766,"Adil, CV",SJ-2023,9000305,OP,19,,7695390209,9000228,OQ,"ELBOW, PVC",17,EA,,0.0982,1.67,,209766,"ADIL, CV",131870
8/5/2009,2023/O2,20,2836/OV,7695390549,"ELBOW, PVC, SOCKET, 2""-90 DEG., CLASS-AW",25,EA,209766,"Adil, CV",SJ-2023,9000305,OP,20,,7695390549,9000228,OQ,"ELBOW, PVC 2\ 90 DEG,",25,EA,,0.5398,13.5,,209766,"ADIL, CV",131870
8/5/2009,2023/O2,21,2836/OV,7604660160,"PLUG, GALVANIZED SIZE 1""",10,EA,209766,"Adil, CV",SJ-2023,9000305,OP,21,,7604660160,9000228,OQ,"PLUG, GALVANIZED",10,EA,,0.3926,3.93,,209766,"ADIL, CV",131870
8/5/2009,2023/O2,22,2836/OV,7605660089,"PLUG, HEXAGON HEAD SIZE 1/2""",20,EA,209766,"Adil, CV",SJ-2023,9000305,OP,22,,7605660089,9000228,OQ,"PLUG, HEXAGON HEAD",20,EA,,0.2454,4.91,,209766,"ADIL, CV",131870
8/5/2009,2023/O2,23,2836/OV,7605660129,"PLUG, HEXAGON HEAD SIZE 3/4""",20,EA,209766,"Adil, CV",SJ-2023,9000305,OP,23,,7605660129,9000228,OQ,"PLUG, HEXAGON HEAD",20,EA,,0.2945,5.89,,209766,"ADIL, CV",131870
8/5/2009,2023/O2,24,2836/OV,8093293099,LAVATORY FAUCET ACCESSORIES VALVE MODEL TR 309 TOTO,5,EA,209766,"Adil, CV",SJ-2023,9000305,OP,24,,8093293099,9000228,OQ,LAVATORY / FAUCET ACCESSORIES,5,SE,,75.5643,377.82,,209766,"ADIL, CV",131870
8/5/2009,2023/O2,25,2836/OV,8093290189,"LAVATORY DUPONT CAT NO. 613-NC 1/2""",15,EA,209766,"Adil, CV",SJ-2023,9000305,OP,25,,8093290189,9000228,OQ,LAVATORY / FAUCET,15,EA,,10.7949,161.92,,209766,"ADIL, CV",131870
8/5/2009,2023/O2,28,2836/OV,8019540559,"LOCK, DOOR, TYPE : 56109 YN/GP, BRAND : PICASO",10,EA,209766,"Adil, CV",SJ-2023,9000305,OP,28,,8019540559,9000228,OQ,"LOCKS, DOOR",10,EA,,10.3043,103.04,,209766,"ADIL, CV",131870
8/5/2009,2023/O2,29,2836/OV,8182920309,"BRUSH PAINT ROLLER SIZE 9"" WIDE BRAND IMUNDEX",17,EA,209766,"Adil, CV",SJ-2023,9000305,OP,29,,8182920309,9000228,OQ,"BRUSH, PAINT,ROLLER",17,EA,,1.1777,20.02,,209766,"ADIL, CV",131870
8/5/2009,2023/O2,30,2836/OV,8353042529,"BLADE, HACK SAW, 12""-24 TEETH/INCH, ""STARRET RS-12""",120,EA,209766,"Adil, CV",SJ-2023,9000305,OP,30,,8353042529,9000228,OQ,"BLADE, HACK SAW",120,EA,,0.9814,117.77,,209766,"ADIL, CV",131870
8/5/2009,2023/O2,31,2836/OV,8515780381,"TAPE, TEFLON, 1"" WIDE, 0.0035"" THK, 520"" LG, HIGH TEFLON",200,EA,209766,"Adil, CV",SJ-2023,9000305,OP,31,,8515780381,9000228,OQ,"TAPE, TEFLON",200,RL,,0.1571,31.42,,209766,"ADIL, CV",131870
8/5/2009,2023/O2,33,2836/OV,8601041269,"PAINT, WATER BASE, ""DUSKY WHITE"", CATYLAC 44165, 5 KG/CAN",15,EA,209766,"Adil, CV",SJ-2023,9000305,OP,33,,8601041269,9000228,OQ,"PAINT, WATER BASE",15,CN,,7.3602,110.4,,209766,"ADIL, CV",131870
8/5/2009,2023/O2,34,2836/OV,8896228359,GLUE PVC,20,EA,209766,"Adil, CV",SJ-2023,9000305,OP,34,,8896228359,9000228,OQ,GLUE,20,CN,,2.9932,59.86,,209766,"ADIL, CV",131870
8/5/2009,2023/O2,35,2836/OV,7871332329,"PLEXYGLASS SIZE 1/8"" X 4 X 8 "" CLEAR",2,EA,209766,"Adil, CV",SJ-2023,9000305,OP,35,,7871332329,9000228,OQ,PLEXIGLASS,2,ST,,58.8813,117.76,,209766,"ADIL, CV",131870
8/5/2009,2023/O2,36,2836/OV,8346640049,"GRINDER, MACHINE, 4"" DIA. MODEL : 9523NB, MAKITA",1,EA,209766,"Adil, CV",SJ-2023,9000305,OP,36,,8346640049,9000228,OQ,"GRINDER, ELECTRIC MACHINE",1,UN,,48.5771,48.58,,209766,"ADIL, CV",131870
8/5/2009,2023/O2,37,2836/OV,8182902409,"BRUSH, WIRE, BRUSH LG : 5"", OVERALL LG : 10"", BRISTLESS : STEEL",5,EA,209766,"Adil, CV",SJ-2023,9000305,OP,37,,8182902409,9000228,OQ,"BRUSH, WIRE",5,EA,,0.3926,1.96,,209766,"ADIL, CV",131870
8/5/2009,2025/O2,1,2889/OV,8070511009,"ROCK, RIVER RUN,  (BATU PASIR KALI BERSIH TANPA TANAH)",34,CUM,209766,"Adil, CV",SJ-08/05/2009,9000306,OP,1,,8070511009,9000229,OQ,ROCK,33.98,M3,,5.2994,180.07,,209766,"ADIL, CV",131870
9/5/2009,2002/O2,1,2828/OV,1988508663,"P/F. WAUKESHA, P/N.168660B, ELEMENT FILTER LUBE OIL",28,EA,210971,"Elvin Pratama, CV",SJ/EP-00018,9000296,OP,1,,1988508663,9000219,OQ,WAUKESHA ENGINE PARTS,28,EA,,50.6052,"1,416.95",,210971,"ELVIN PRATAMA, CV",131870
9/5/2009,2025/O2,1,2889/OV,8070511009,"ROCK, RIVER RUN,  (BATU PASIR KALI BERSIH TANPA TANAH)",39,CUM,209766,"Adil, CV",SJ-09/05/2009,9000306,OP,1,,8070511009,9000229,OQ,ROCK,39.36,M3,,5.2994,208.58,,209766,"ADIL, CV",131870
9/5/2009,2025/O2,2,2888/OV,8070511109,"ROCK, MEDIUM, M-10",53,CUM,209766,"Adil, CV",SJ-09/05/2009,9000306,OP,2,,8070511109,9000229,OQ,ROCK,52.89,M3,,5.2994,280.29,,209766,"ADIL, CV",131870
12/5/2009,2025/O2,1,2889/OV,8070511009,"ROCK, RIVER RUN,  (BATU PASIR KALI BERSIH TANPA TANAH)",40,CUM,209766,"Adil, CV",SJ-12/05/2009,9000306,OP,1,,8070511009,9000229,OQ,ROCK,39.5,M3,,5.2994,209.33,,209766,"ADIL, CV",131870
12/5/2009,2025/O2,2,2888/OV,8070511109,"ROCK, MEDIUM, M-10",17,CUM,209766,"Adil, CV",SJ-12/05/2009,9000306,OP,2,,8070511109,9000229,OQ,ROCK,17.1,M3,,5.2994,90.62,,209766,"ADIL, CV",131870
12/5/2009,2033/O2,1,2850/OV,7885300409,"PLASTIC, SHEET, 0.003"" THICK X 48"" X 200', 2-PLY, CLEAR",10,ROOL,209766,"Adil, CV",SJ-12/05/2009,9000310,OP,1,,7885300409,9000233,OQ,SHEET PLASTIC,10,RL,,12.7577,127.58,,209766,"ADIL, CV",131870
12/5/2009,2033/O2,2,2850/OV,8075121209,"WOOD, CAMPER, 5 CM X 10 CM X 4 M, ROUGHT MATERIAL",100,PC,209766,"Adil, CV",SJ-12/05/2009,9000310,OP,2,,8075121209,9000233,OQ,"WOOD, CAMPER",100,PC,,11.2856,"1,128.56",,209766,"ADIL, CV",131870
12/5/2009,2033/O2,3,2850/OV,8182250089,"BRUSH, PAINT, WIDTH : 2"", TRIM : 3"", THK : 3/4"", BRAND ETERNA",15,EA,209766,"Adil, CV",SJ-12/05/2009,9000310,OP,3,,8182250089,9000233,OQ,"BRUSH, PAINT",15,EA,,0.687,10.31,,209766,"ADIL, CV",131870
12/5/2009,2033/O2,4,2850/OV,8618751101,"PAINT, MARINE ENAMEL, NIPPON, ""RED"", PLATONE-8000, 3.785 LT/CAN",1,CAN,209766,"Adil, CV",SJ-12/05/2009,9000310,OP,4,,8618751101,9000233,OQ,"PAINT, MARINE ENAMEL",1,CN,,24.5339,24.53,,209766,"ADIL, CV",131870
13/05/2009,2025/O2,1,2889/OV,8070511009,"ROCK, RIVER RUN,  (BATU PASIR KALI BERSIH TANPA TANAH)",33.9,CUM,209766,"Adil, CV",SJ-13/05/2009,9000306,OP,1,,8070511009,9000229,OQ,ROCK,33.9,M3,,5.2994,179.65,,209766,"ADIL, CV",131870
13/05/2009,2025/O2,2,2888/OV,8070511109,"ROCK, MEDIUM, M-10",66.22,CUM,209766,"Adil, CV",SJ-13/05/2009,9000306,OP,2,,8070511109,9000229,OQ,ROCK,66.22,M3,,5.2994,350.93,,209766,"ADIL, CV",131870
13/05/2009,2026/O2,1,2887/OV,7572140439,"VALVE BALL, 4""  -  150 #  RF, FULL PORT, TRUNNION MOUNTED, STEM AND BODY SEALANT INJECTION  ",3,EA,208510,"Contromatic Prima Mandiri, PT",A-0229/CPM/V/09,9000307,OP,1,,7572140439,9000230,OQ,"VALVE BALL, FLANGED END CONN.",3,EA,,"1,455.64","4,366.93",,208510,CONTROMATIC PRIMA MANDIRI,131870
13/05/2009,2026/O2,2,2887/OV,7572140661,"VALVE BALL, 6""  -  150 #  RF, FULL PORT, TRUNNION MOUNTED, STEM AND BODY SEALANT INJECTION  ",6,EA,208510,"Contromatic Prima Mandiri, PT",A-0229/CPM/V/09,9000307,OP,2,,7572140661,9000230,OQ,"VALVE BALL, FLANGED END CONN.",6,EA,,"2,028.30","12,169.81",,208510,CONTROMATIC PRIMA MANDIRI,131870
13/05/2009,2030/O2,1,2862/OV,9601622219,"P/F. PORTABLE FIRE EXTINGUISHER, P/N. 4614, CAP.:20 LB OR HF-IK-20-G, MFR: ANSUL",75,EA,208487,"Rejeki Utama, PT",RU/017/05/09/AR,9000308,OP,1,,9601622219,9000231,OQ,P/F. PORTABLE FIRE EXTINGUIS.,75,EA,,45.4368,"3,407.76",,208487,REJEKI UTAMA,131870
14/05/2009,9000008/OP,,9000268/OV,8714958059,LUBRICANTS NG LUBE 40 LONG LIFE @ 200 LTR,30,DRM,210532,"Maiza Lubrika, PT",167/MZ/V/09,9000008,OP,4,9000268/OV,8714958059,9000009,OQ,"OIL,LUBRICATING",30,DR,5/14/2009,480.1711,"14,405.13",,210532,"MAIZA LUBRIKA, PT",131870
14/05/2009,2025/O2,1,2889/OV,8070511009,"ROCK, RIVER RUN,  (BATU PASIR KALI BERSIH TANPA TANAH)",33.73,CUM,209766,"Adil, CV",SJ-14/05/2009,9000306,OP,1,,8070511009,9000229,OQ,ROCK,33.73,M3,,5.2994,178.75,,209766,"ADIL, CV",131870
14/05/2009,2025/O2,2,2888/OV,8070511109,"ROCK, MEDIUM, M-10",31.8,CUM,209766,"Adil, CV",SJ-14/05/2009,9000306,OP,2,,8070511109,9000229,OQ,ROCK,31.8,M3,,5.2994,168.52,,209766,"ADIL, CV",131870
15/05/2009,1996/O2,1,2866/OV,2204106843,"P/F.: ATLAS COPCO COMPRESSOR, P/N.2906-0184-00, MAINTENANCE KIT (S/N.: AIF 054360 && 054361, RPM:3565)",4,SET,210971,"Elvin Pratama, CV",SJ/EP-00020,9000294,OP,1,,2204106843,9000217,OQ,P/F.ATLAS COPCO COMPRESSOR *,4,SE,,"1,380.82","5,523.30",,210971,"ELVIN PRATAMA, CV",131870
15/05/2009,2020/O2,1,2860/OV,7662793101,"FLANGE, WN, 2"", SCH-40, 150#, CS, ASTM A105, BRAND. ULMA",6,EA,208809,"Sanmas Dwika Abadi, PT",093/SDA-PPEJ/V/09,9000303,OP,1,,7662793101,9000226,OQ,"FLANGE, WELD NECK,CLS 150#R.F.",6,EA,,16.6671,100,,208809,"SANMAS DWIKA ABADI, PT",131870
15/05/2009,2020/O2,2,2860/OV,7662793126,"FLANGE, WELD NECK, CLASS 150# R.F.3"", SCH-40, CARBON STEEL ASTM A-105",4,EA,208809,"Sanmas Dwika Abadi, PT",093/SDA-PPEJ/V/09,9000303,OP,2,,7662793126,9000226,OQ,"FLANGE, WELD NECK,CLS 150#R.F.",4,EA,,28.9368,115.75,,208809,"SANMAS DWIKA ABADI, PT",131870
15/05/2009,2020/O2,3,2860/OV,7662793149,"FLANGE, WN, 4""-150#, R.F, SCH 40, ASTM A-105",11,EA,208809,"Sanmas Dwika Abadi, PT",093/SDA-PPEJ/V/09,9000303,OP,3,,7662793149,9000226,OQ,"FLANGE, WELD NECK",11,EA,,34.0764,374.84,,208809,"SANMAS DWIKA ABADI, PT",131870
15/05/2009,2020/O2,4,2860/OV,7662793169,"FLANGE, WN, 6""- 150 #, R.F,SCH-40 BORE,CS  ASTM  A-105,  DIMENSION TO  ANSI  B 16.5",8,EA,208809,"Sanmas Dwika Abadi, PT",093/SDA-PPEJ/V/09,9000303,OP,4,,7662793169,9000226,OQ,"FLANGE, WELD NECK",8,EA,,54.6122,436.9,,208809,"SANMAS DWIKA ABADI, PT",131870
15/05/2009,2020/O2,5,2860/OV,7662100701,"FLANGE, BLIND, 2""-150#, R.F. CS, ASTM A-105",2,EA,208809,"Sanmas Dwika Abadi, PT",093/SDA-PPEJ/V/09,9000303,OP,5,,7662100701,9000226,OQ,"FLANGE, BLIND, CLASS 150 # R.F",2,EA,,13.5744,27.15,,208809,"SANMAS DWIKA ABADI, PT",131870
15/05/2009,2020/O2,6,2860/OV,7662100761,"FLANGE, BLIND 6"" -150# CARBON STEEL ASTM A-105 DIMENSION TO ANSI B16.5",1,EA,208809,"Sanmas Dwika Abadi, PT",093/SDA-PPEJ/V/09,9000303,OP,6,,7662100761,9000226,OQ,"FLANGE, BLIND, CLASS 150 # R.F",1,EA,,49.7088,49.71,,208809,"SANMAS DWIKA ABADI, PT",131870
15/05/2009,2020/O2,7,2860/OV,7630386459,"ELBOW, BUTT WELD, 4""- 45 DEG.  SCH 40. L.R.  CS, ASTM A 234 GR. WPB DESIGN TO ANSI B.16.9",9,EA,208809,"Sanmas Dwika Abadi, PT",093/SDA-PPEJ/V/09,9000303,OP,7,,7630386459,9000226,OQ,"ELBOW, BUTT WELD",9,EA,,15.565,140.09,,208809,"SANMAS DWIKA ABADI, PT",131870
15/05/2009,2020/O2,8,2860/OV,7630406459,"ELBOW, BUTT WELD, 4""- 90 DEG.  SCH.40,  L.R,  CARBON STEEL, ASTM A 234 GR. ",4,EA,208809,"Sanmas Dwika Abadi, PT",093/SDA-PPEJ/V/09,9000303,OP,8,,7630406459,9000226,OQ,"ELBOW, BUTT WELD",4,EA,,21.9529,87.81,,208809,"SANMAS DWIKA ABADI, PT",131870
15/05/2009,2020/O2,9,2860/OV,7630386651,"ELBOW, BUTT WELD, 6"" 45 DEG. SCH.40, L.R, CS, ASTM A234 GR.WPB DESIGN TO ANSI B16.9",2,EA,208809,"Sanmas Dwika Abadi, PT",093/SDA-PPEJ/V/09,9000303,OP,9,,7630386651,9000226,OQ,"ELBOW, BUTT WELD",2,EA,,41.2403,82.48,,208809,"SANMAS DWIKA ABADI, PT",131870
15/05/2009,2020/O2,10,2860/OV,7630406651,"ELBOW, BUTT WELD, 6"" 90 DEG. SCH.40, L.R.,  CS  ASTM A-234 WPB, ASTM A-106, GRADE B. ",4,EA,208809,"Sanmas Dwika Abadi, PT",093/SDA-PPEJ/V/09,9000303,OP,10,,7630406651,9000226,OQ,"ELBOW, BUTT WELD",4,EA,,55.4107,221.64,,208809,"SANMAS DWIKA ABADI, PT",131870
15/05/2009,2020/O2,11,2860/OV,7630722356,"REDUCER, CONCENTRIC, 3"" X 2"" SCH-40, CS, ASTM A234 GR. BUTT WELD",2,EA,208809,"Sanmas Dwika Abadi, PT",093/SDA-PPEJ/V/09,9000303,OP,11,,7630722356,9000226,OQ,"REDUCER, CONCENTRIC",2,EA,,8.9634,17.93,,208809,"SANMAS DWIKA ABADI, PT",131870
15/05/2009,2020/O2,12,2860/OV,7630732951,"REDUCER, ECCENTRIC, 6"" X 3"" SCH-40, CS, ASTM A-234",3,EA,208809,"Sanmas Dwika Abadi, PT",093/SDA-PPEJ/V/09,9000303,OP,12,,7630732951,9000226,OQ,"REDUCER, ECCENTRIC",3,EA,,42.1513,126.45,,208809,"SANMAS DWIKA ABADI, PT",131870
15/05/2009,2020/O2,13,2860/OV,7630723051,"REDUCER, CONCENTRIC, 6"" X 4"",SCH.40, CS, ASTM A-234  WPB",1,EA,208809,"Sanmas Dwika Abadi, PT",093/SDA-PPEJ/V/09,9000303,OP,13,,7630723051,9000226,OQ,"REDUCER, CONCENTRIC",1,EA,,27.5535,27.55,,208809,"SANMAS DWIKA ABADI, PT",131870
15/05/2009,2020/O2,14,2860/OV,7630732459,"REDUCER, ECCENTRIC,3"" X 2"" SCH-80, CS,  ASTM A-234, WPB,",2,EA,208809,"Sanmas Dwika Abadi, PT",093/SDA-PPEJ/V/09,9000303,OP,14,,7630732459,9000226,OQ,"REDUCER, ECCENTRIC",2,EA,,15.9473,31.89,,208809,"SANMAS DWIKA ABADI, PT",131870
15/05/2009,2020/O2,15,2860/OV,8138614061,"STUD BOLT, 7/8"" X 6"" LG, C/W TWO HEX HEAD NUTS, GRADE B7 & 2H",60,EA,208809,"Sanmas Dwika Abadi, PT",093/SDA-PPEJ/V/09,9000303,OP,15,,8138614061,9000226,OQ,STUD BOLT,60,EA,,4.1499,248.99,,208809,"SANMAS DWIKA ABADI, PT",131870
15/05/2009,2020/O2,16,2860/OV,8138412711,"STUD BOLT, 5/8"" X 3-1/2"" LG, C/W TWO HEX HEAD NUTS, GRADE B7 & 2H",12,EA,208809,"Sanmas Dwika Abadi, PT",093/SDA-PPEJ/V/09,9000303,OP,16,,8138412711,9000226,OQ,STUD BOLT,12,EA,,1.7207,20.65,,208809,"SANMAS DWIKA ABADI, PT",131870
15/05/2009,2020/O2,17,2860/OV,8138412731,"STUD BOLT, 5/8"" X 4"" LG, CADMIUM PLATED, STUD GR. B7 & NUT GR. 2H",56,EA,208809,"Sanmas Dwika Abadi, PT",093/SDA-PPEJ/V/09,9000303,OP,17,,8138412731,9000226,OQ,STUD BOLT,56,EA,,1.8107,101.4,,208809,"SANMAS DWIKA ABADI, PT",131870
15/05/2009,2020/O2,18,2860/OV,8138413291,"STUD BOLT 3'4"" X 4"" LGTH C/W TWO HEX HEAD NUT GRADE B7, NUT 2H",32,EA,208809,"Sanmas Dwika Abadi, PT",093/SDA-PPEJ/V/09,9000303,OP,18,,8138413291,9000226,OQ,STUD BOLT,32,EA,,2.1818,69.82,,208809,"SANMAS DWIKA ABADI, PT",131870
15/05/2009,2020/O2,19,2860/OV,8541411049,"GASKET, SPIRAL WOUND, 2"" 150 PSI,1/8"" THICK, NON ASBESTOS FILLER, MFR:INGI",3,EA,208809,"Sanmas Dwika Abadi, PT",093/SDA-PPEJ/V/09,9000303,OP,19,,8541411049,9000226,OQ,"GASKET, SPIRAL WOUND",3,EA,,6.6016,19.8,,208809,"SANMAS DWIKA ABADI, PT",131870
15/05/2009,2020/O2,20,2860/OV,8541411066,"GASKET, SPIRAL WOUND, 3"" 150 PSI,1/8"" THICK, ASBESTOS FILLER, MFR:INGI",2,EA,208809,"Sanmas Dwika Abadi, PT",093/SDA-PPEJ/V/09,9000303,OP,20,,8541411066,9000226,OQ,"GASKET, SPIRAL WOUND",2,EA,,8.581,17.16,,208809,"SANMAS DWIKA ABADI, PT",131870
15/05/2009,2020/O2,21,2860/OV,8541411099,"GASKET, SPIRAL WOUND, 4"" 150 PSI, 1/8"" THICK, NON ASBESTOS FILLER, MFR:ING",6,EA,208809,"Sanmas Dwika Abadi, PT",093/SDA-PPEJ/V/09,9000303,OP,21,,8541411099,9000226,OQ,"GASKET, SPIRAL WOUND",6,EA,,10.0093,60.06,,208809,"SANMAS DWIKA ABADI, PT",131870
15/05/2009,2020/O2,22,2860/OV,8541432209,"GASKET, SW, 4""-600#, 1/8"" THK, INGI, STYLE : SW-1803, OIR",6,EA,208809,"Sanmas Dwika Abadi, PT",093/SDA-PPEJ/V/09,9000303,OP,22,,8541432209,9000226,OQ,"GASKET, SPIRAL WOUND",6,EA,,13.192,79.15,,208809,"SANMAS DWIKA ABADI, PT",131870
15/05/2009,2020/O2,23,2860/OV,8541411119,"GASKET, SPIRAL WOUND.6"" 150 PSI, C.S. INNER&&OUTER RINGS,SS 1/8"", ASBESTOS FILLER, ""INGI""",4,EA,208809,"Sanmas Dwika Abadi, PT",093/SDA-PPEJ/V/09,9000303,OP,23,,8541411119,9000226,OQ,"GASKET, SPIRAL WOUND",4,EA,,16.4984,65.99,,208809,"SANMAS DWIKA ABADI, PT",131870
15/05/2009,2025/O2,1,2889/OV,8070511009,"ROCK, RIVER RUN,  (BATU PASIR KALI BERSIH TANPA TANAH)",28.22,CUM,209766,"Adil, CV",SJ-15/05/2009,9000306,OP,1,,8070511009,9000229,OQ,ROCK,28.22,M3,,5.2994,149.55,,209766,"ADIL, CV",131870
15/05/2009,2025/O2,2,2888/OV,8070511109,"ROCK, MEDIUM, M-10",52.73,CUM,209766,"Adil, CV",SJ-15/05/2009,9000306,OP,2,,8070511109,9000229,OQ,ROCK,52.73,M3,,5.2994,279.44,,209766,"ADIL, CV",131870
18/05/2009,9000008/OP,1,9000268/OV,8713920529,"LUBRICANTS, MEDITRAN SC 15W-40 @209 LTR/DRUM",10,DRM,210532,"Maiza Lubrika, PT",179/MZ/V/09,9000008,OP,1,9000268/OV,8713920529,9000009,OQ,"OIL, MEDITRAN",10,DR,5/18/2009,371.7632,"3,717.63",,210532,"MAIZA LUBRIKA, PT",131870
18/05/2009,9000008/OP,2,9000268/OV,,LUBRICANTS RORED EPA 140 @ 209 LTR,5,DRM,210532,"Maiza Lubrika, PT",179/MZ/V/09,9000008,OP,2,9000268/OV,8726130361,9000009,OQ,"OIL, RORED",5,DR,5/18/2009,418.4876,"2,092.44",,210532,"MAIZA LUBRIKA, PT",131870
18/05/2009,9000008/OP,3,9000268/OV,,LUBRICANTS RORED HDA 90 @ 209 LTR,5,DRM,210532,"Maiza Lubrika, PT",179/MZ/V/09,9000008,OP,3,9000268/OV,8726140911,9000009,OQ,"OIL, RORED",5,DR,5/18/2009,443.8812,"2,219.41",,210532,"MAIZA LUBRIKA, PT",131870
20/05/2009,2036/O2,1,2871/OV,5806144489,"BEARING, P/N.UCX 14 NTN. IBI-14448.46 SINGLE ROW, SPHERICAL OUTER, WIDE INNER (RHP 1075-70G, ASAHI/KOYO ",4,EA,208807,"Pundi Mas Sejahtera, CV",044/PMS-PTC/V/09,9000311,OP,1,,5806144489,9000234,OQ,BEARING,4,EA,,47.9883,191.95,,208807,"PUNDI MAS SEJAHTERA, CV",131870
20/05/2009,2047/O2,1,2925/OV,6036020609,"PRESSURE GAUGE 0-600 PSI, 4-1/2"" DIAL BRAND ASCHROFT",1,EA,205193,"Sedjati, UD",SS09000316,9000312,OP,1,,6036020609,9000235,OQ,"GAUGE, PRESSURE",1,EA,,171.737,171.74,,205193,"SEDJATI, UD",131870
20/05/2009,2050/O2,1,2873/OV,7362102369,"CLAMP, HOSE WORM DRIVE TYPE,MATERIAL STAINLESS STEEL, NO.40, MAX. 3"", 9/16"" WIDTH",500,EA,210863,"Paco Tekindo, PT",DO-0020509,9000386,OP,1,,7362102369,9000299,OQ,"CLAMP, HOSE",500,EA,,1.243,621.5,,210863,"PACO TEKINDO, PT",131870
22/05/2009,9000014/OP,1,9000286/OV,8040710109,"CONCRETE, READY MIX CEMENT TYPE PPC OR TYPE 2 K-225",6,CUM,206881,"Varia Usaha Beton, PT",SJ-0074905,9000014,OP,1,9000286/OV,8040710109,9000018,OQ,"CONCRETE, READY MIX",6,M3,7/21/2009,73.4043,440.43,,206881,"VARIA USAHA BETON, PT",131870
22/05/2009,2004/O2,1,2883/OV,5822080249,"SEAL, MECHANICAL, TYPE : 22-CARTEX - SXR/1- 750, MAT. SILCAR VS VITON",6,EA,211089,"Surya Perkasa, CV",DO-09/V-098,9000297,OP,1,,5822080249,9000220,OQ,"SEAL, MECHANICAL",6,SE,,520.1178,"3,120.71",,211089,"SURYA PERKASA, CV",131870
23/05/2009,9000014/OP,1,9000293/OV,8040710109,"CONCRETE, READY MIX CEMENT TYPE PPC OR TYPE 2 K-225",5,CUM,206881,"Varia Usaha Beton, PT",SJ-0074920,9000014,OP,1,9000293/OV,8040710109,9000018,OQ,"CONCRETE, READY MIX",5,M3,7/21/2009,73.4043,367.02,,206881,"VARIA USAHA BETON, PT",131870
23/05/2009,9000014/OP,1,9000292/OV,8040710109,"CONCRETE, READY MIX CEMENT TYPE PPC OR TYPE 2 K-225",5,CUM,206881,"Varia Usaha Beton, PT",SJ-0074921,9000014,OP,1,9000292/OV,8040710109,9000018,OQ,"CONCRETE, READY MIX",5,M3,7/21/2009,73.4043,367.02,,206881,"VARIA USAHA BETON, PT",131870
23/05/2009,9000014/OP,1,9000291/OV,8040710109,"CONCRETE, READY MIX CEMENT TYPE PPC OR TYPE 2 K-225",5,CUM,206881,"Varia Usaha Beton, PT",SJ-0074922,9000014,OP,1,9000291/OV,8040710109,9000018,OQ,"CONCRETE, READY MIX",5,M3,7/21/2009,73.4043,367.02,,206881,"VARIA USAHA BETON, PT",131870
23/05/2009,9000014/OP,1,9000290/OV,8040710109,"CONCRETE, READY MIX CEMENT TYPE PPC OR TYPE 2 K-225",5,CUM,206881,"Varia Usaha Beton, PT",SJ-0074923,9000014,OP,1,9000290/OV,8040710109,9000018,OQ,"CONCRETE, READY MIX",5,M3,7/21/2009,73.4043,367.02,,206881,"VARIA USAHA BETON, PT",131870
23/05/2009,9000014/OP,1,9000289/OV,8040710109,"CONCRETE, READY MIX CEMENT TYPE PPC OR TYPE 2 K-225",5,CUM,206881,"Varia Usaha Beton, PT",SJ-0074930,9000014,OP,1,9000289/OV,8040710109,9000018,OQ,"CONCRETE, READY MIX",5,M3,7/21/2009,73.4043,367.02,,206881,"VARIA USAHA BETON, PT",131870
23/05/2009,9000014/OP,1,9000288/OV,8040710109,"CONCRETE, READY MIX CEMENT TYPE PPC OR TYPE 2 K-225",5,CUM,206881,"Varia Usaha Beton, PT",SJ-0074931,9000014,OP,1,9000288/OV,8040710109,9000018,OQ,"CONCRETE, READY MIX",5,M3,7/21/2009,73.4043,367.02,,206881,"VARIA USAHA BETON, PT",131870
23/05/2009,9000014/OP,1,9000287/OV,8040710109,"CONCRETE, READY MIX CEMENT TYPE PPC OR TYPE 2 K-225",5,CUM,206881,"Varia Usaha Beton, PT",SJ-0074932,9000014,OP,1,9000287/OV,8040710109,9000018,OQ,"CONCRETE, READY MIX",5,M3,7/21/2009,73.4043,367.02,,206881,"VARIA USAHA BETON, PT",131870
23/05/2009,9000014/OP,1,9000284/OV,8040710109,"CONCRETE, READY MIX CEMENT TYPE PPC OR TYPE 2 K-225",5,CUM,206881,"Varia Usaha Beton, PT",SJ-0074933,9000014,OP,1,9000284/OV,8040710109,9000018,OQ,"CONCRETE, READY MIX",5,M3,7/21/2009,73.4043,367.02,,206881,"VARIA USAHA BETON, PT",131870
28/05/2009,9000021/OP,1,9000377/OV,7572140439,"BALL VALVE 4""-150 # FLANGE END RF FULL PORT MFR : BALON",3,EA,209026,"Atamora Tehnik Makmur, Sby",SM 024/517-024A/09,9000021,OP,1,9000377/OV,7572140439,9000024,OQ,"VALVE BALL, FLANGED END CONN.",3,EA,5/28/2009,"1,606.03","4,818.09",,209026,"ATAMORA TEHNIK MAKMUR, PT",132394
28/05/2009,2031/O2,1,2891/OV,5018107493,P/F. CATERPILLAR FILTER FUEL ASSY P/N. IR - 0749,20,EA,206200,"Trakindo Utama, PT",044/TU-BJG/SPB/V/09,9000309,OP,1,,5018107493,9000232,OQ,CATERPILLAR PARTS,20,EA,,23.6075,472.15,,206200,"TRAKINDO UTAMA, PT SURABAYA",131870
30/05/2009,9000219/OP,1,9000311/OV,8951704691,"GAS, NITRGEN",5,BTL,210307,"Sentra Multigas Utama, PT",0698/SMU/05/09,9000219,OP,1,9000311/OV,8951704691,9000015,OQ,"GAS, NITROGEN",5,CD,7/24/2009,11.3468,56.73,,210307,SENTRA MULTIGAS UTAMA,131870
30/05/2009,2049/O2,1,2893/OV,7572262319,"VALVE BALL, STAINLESS STEEL SIZE : 1/4"" NPT. 1000 PS I P/N. BVF-4N' MFR HY-PRO",20,EA,210971,"Elvin Pratama, CV",SJ/EP-00024,9000313,OP,1,,7572262319,9000236,OQ,"VALVE, BALL, STAINLESS STEEL",20,EA,,24.7302,494.6,,210971,"ELVIN PRATAMA, CV",131870
30/05/2009,2049/O2,2,2893/OV,7572262329,"VALVE BALL, STAINLESS STEEL SIZE : 1/2"" NPT. 1000 PS I P/N. BVF-8N' MFR HY-PRO",20,EA,210971,"Elvin Pratama, CV",SJ/EP-00024,9000313,OP,2,,7572262329,9000236,OQ,"VALVE, BALL, STAINLESS STEEL",20,EA,,27.9539,559.08,,210971,"ELVIN PRATAMA, CV",131870
1/6/2009,9000219/OP,1,9000312/OV,8951704691,NITROGEN 6 M3 WG MR,10,BTL,210307,"Sentra Multigas Utama, PT",0086/SMU/06/09,9000219,OP,1,9000312/OV,8951704691,9000015,OQ,"GAS, NITROGEN",10,CD,7/24/2009,11.3468,113.47,,210307,SENTRA MULTIGAS UTAMA,131870
6/6/2009,9000219/OP,1,9000313/OV,8951704691,NITROGEN 6 M3 WG MR,5,BTL,210307,"Sentra Multigas Utama, PT",0173/SMU/06/09,9000219,OP,1,9000313/OV,8951704691,9000015,OQ,"GAS, NITROGEN",5,CD,7/24/2009,11.3468,56.73,,210307,SENTRA MULTIGAS UTAMA,131870
8/6/2009,9000068/OP,1,9000221/OV,8922900119,"CEMENT, CLASS ""G"", OIL WELL HIGH SULFATE-RESISTANT TYPES","1,640",SXS,202397,"Andramuda Primantara, PT",SJ-08/06/2009,9000068,OP,1,9000221/OV,8922900119,9000031,OQ,CEMENT CLASS G,"1,640.00",SA,6/11/2009,7.14,"11,709.60",,202397,"ANDRAMUDA PRIMANTARA, PT",101131
9/6/2009,9000068/OP,1,9000221/OV,8922900119,"CEMENT, CLASS ""G"", OIL WELL HIGH SULFATE-RESISTANT TYPES",840,SXS,202397,"Andramuda Primantara, PT",SJ-09/06/2009,9000068,OP,1,9000221/OV,8922900119,9000031,OQ,CEMENT CLASS G,840,SA,6/11/2009,7.14,"5,997.60",,202397,"ANDRAMUDA PRIMANTARA, PT",101131
10/6/2009,9000004/OP,1,9000110/OV,8903302519,"CHEMICAL FOR POTABLE PLANT.CALCIUM HYPOCHLORIDE, POWDER.KAPORIT 60 S, 15 KGS/PAIL",30,PAIL,209518,Aneka Kimia Inti PT.,0060/VI/AKI/2009,9000004,OP,1,9000110/OV,8903302519,9000004,OQ,CHEMICAL FOR POTABLE PLANT,30,PL,6/10/2009,19.895,596.85,,209518,"ANEKA KIMIA INTI, PT",131870
11/6/2009,9000068/OP,1,9000221/OV,8922900119,"CEMENT, CLASS ""G"", OIL WELL HIGH SULFATE-RESISTANT TYPES","2,520",SXS,202397,"Andramuda Primantara, PT",SJ-09/06/2009,9000068,OP,1,9000221/OV,8922900119,9000031,OQ,CEMENT CLASS G,"2,520.00",SA,6/11/2009,7.14,"17,992.80",,202397,"ANDRAMUDA PRIMANTARA, PT",101131
15/06/2009,9000219/OP,1,9000314/OV,8951704691,NITROGEN 6 M3 WG MR,10,BTL,210307,"Sentra Multigas Utama, PT",0345/SMU/06/09,9000219,OP,1,9000314/OV,8951704691,9000015,OQ,"GAS, NITROGEN",10,CD,7/24/2009,11.3468,113.47,,210307,SENTRA MULTIGAS UTAMA,131870
16/06/2009,9000219/OP,1,9000315/OV,8951704691,NITROGEN 6 M3 WG MR,4,BTL,210307,"Sentra Multigas Utama, PT",1381/SMU/06/09,9000219,OP,1,9000315/OV,8951704691,9000015,OQ,"GAS, NITROGEN",4,CD,7/24/2009,11.3468,45.39,,210307,SENTRA MULTIGAS UTAMA,131870
18/06/2009,9000067/OP,1,9000125/OV,7639270611,"CONNECTOR MALE SS 3/8"" TUBE OD X 1/4"" P-N-PT SWAGELOK SS-600-1-4, 316SS",50,EA,210971,"Elvin Pratama, CV",SJ/EP-00027,9000067,OP,1,9000125/OV,7639270611,9000023,OQ,"CONNECTOR, MALE,STAINLES STEEL",50,EA,6/18/2009,9.8974,494.87,,210971,"ELVIN PRATAMA, CV",132394
18/06/2009,9000067/OP,2,9000125/OV,7639910631,"UNION CONNECTOR SS 3/8"" SWAGELOK SS-600-5",25,EA,210971,"Elvin Pratama, CV",SJ/EP-00027,9000067,OP,2,9000125/OV,7639910631,9000023,OQ,"UNION, CONNECTOR,STAIN. STEEL",25,EA,6/18/2009,18.0735,451.84,,210971,"ELVIN PRATAMA, CV",132394
18/06/2009,9000067/OP,3,9000125/OV,7436011029,"TUBING STAINLESS STEEL 3/8"" OD X 0.035"" WTX20""  GR. TP316/316 L SAKAI",20,JT,210971,"Elvin Pratama, CV",SJ/EP-00027,9000067,OP,3,9000125/OV,7436011029,9000023,OQ,"TUBING, STAINLESS STEEL",20,JT,6/18/2009,60.245,"1,204.90",,210971,"ELVIN PRATAMA, CV",132394
18/06/2009,1998/O2,1,2929/OV,8380301089,"HEAVY DUTY PIPE WRENCH 18"" BRAND RIDGID",2,EA,206966,Kawan Lama Sejahtera,SJ-0002633,9000295,OP,1,,8380301089,9000218,OQ,"WRENCHES, PIPE",2,EA,,54.8596,109.72,,206966,KAWAN LAMA SEJAHTERA S'BAYA,131870
18/06/2009,1998/O2,2,2929/OV,8380301076,"HEAVY DUTY PIPE WRENCH 36"" BRAND RIDGID",2,EA,206966,Kawan Lama Sejahtera,SJ-0002633,9000295,OP,2,,8380301076,9000218,OQ,"WRENCHES, PIPE",2,EA,,179.9412,359.88,,206966,KAWAN LAMA SEJAHTERA S'BAYA,131870
24/06/2009,9000069/OP,1,9000152/OV,5037261103,P/F. CATERPILAR P/N. 137-5541 PUMP AS,1,EA,211198,Harco Duta Niaga,8081/SPB-HDN/0609,9000069,OP,1,9000152/OV,5037261103,9000008,OQ,CATERPILLAR EQUIPMENT PARTS,1,EA,6/24/2009,194.9895,194.99,,211198,"HARCO DUTA NIAGA, CV (TBN)",131573
24/06/2009,9000069/OP,2,9000152/OV,5003855243,P/F. CATERPILAR P/N. 8C-5524 SOLENOID FOR ENGINE 3208,1,EA,211198,Harco Duta Niaga,8081/SPB-HDN/0609,9000069,OP,2,9000152/OV,5003855243,9000008,OQ,CATERPILLAR PARTS,1,EA,6/24/2009,242.056,242.06,,211198,"HARCO DUTA NIAGA, CV (TBN)",131573
24/06/2009,9000069/OP,3,9000152/OV,5014606733,"P/F. CATERPILAR P/N. 6N0673, OIL PRESSURE GAUGE  S/N. 2HG00179 ",1,EA,211198,Harco Duta Niaga,8081/SPB-HDN/0609,9000069,OP,3,9000152/OV,5014606733,9000008,OQ,CATERPILLAR PARTS,1,EA,6/24/2009,82.1795,82.18,,211198,"HARCO DUTA NIAGA, CV (TBN)",131573
24/06/2009,9000069/OP,4,9000152/OV,5023497333,P/F. CATERPILAR P/N. 4W9733 SWITCH A FOR ENGINE GENSET S/N. 2HG00179,1,EA,211198,Harco Duta Niaga,8081/SPB-HDN/0609,9000069,OP,4,9000152/OV,5023497333,9000008,OQ,CATERPILLAR PARTS,1,EA,6/24/2009,726.1679,726.17,,211198,"HARCO DUTA NIAGA, CV (TBN)",131573
28/06/2009,9000068/OP,1,9000270/OV,8922900119,"CEMENT, CLASS ""G"", OIL WELL HIGH SULFATE-RESISTANT TYPES","3,360",SXS,202397,"Andramuda Primantara, PT",SJ-09/06/2009,9000068,OP,1,9000270/OV,8922900119,9000031,OQ,CEMENT CLASS G,"3,360.00",SA,6/11/2009,7.14,"23,990.40",,202397,"ANDRAMUDA PRIMANTARA, PT",101131
30/06/2009,9000068/OP,1,9000270/OV,8922900119,"CEMENT, CLASS ""G"", OIL WELL HIGH SULFATE-RESISTANT TYPES","1,640",SXS,202397,"Andramuda Primantara, PT",SJ-30/06/09,9000068,OP,1,9000270/OV,8922900119,9000031,OQ,CEMENT CLASS G,"1,640.00",SA,6/11/2009,7.14,"11,709.60",,202397,"ANDRAMUDA PRIMANTARA, PT",101131
